Município,"Denominação da Serventia",Endereço,Telefone,"Municípios Circunscritos",Detalhes
"Ipiranga do Piauí","SERVENTIA EXTRAJUDICIAL DO OFÍCIO ÚNICO DE IPIRANGA DO PIAUÍ","Rua Sete de Setembro, nº 21, CEP 64.540-000 Centro","(86) 99952-3367","Ipiranga do Piauí","
											<svg class=""svg-inline--fa fa-eye fa-w-18"" aria-hidden=""true"" focusable=""false"" data-prefix=""far"" data-icon=""eye"" role=""img"" xmlns=""http://www.w3.org/2000/svg"" viewBox=""0 0 576 512"" data-fa-i2svg=""""><path fill=""currentColor"" d=""M288 144a110.94 110.94 0 0 0-31.24 5 55.4 55.4 0 0 1 7.24 27 56 56 0 0 1-56 56 55.4 55.4 0 0 1-27-7.24A111.71 111.71 0 1 0 288 144zm284.52 97.4C518.29 135.59 410.93 64 288 64S57.68 135.64 3.48 241.41a32.35 32.35 0 0 0 0 29.19C57.71 376.41 165.07 448 288 448s230.32-71.64 284.52-177.41a32.35 32.35 0 0 0 0-29.19zM288 400c-98.65 0-189.09-55-237.93-144C98.91 167 189.34 112 288 112s189.09 55 237.93 144C477.1 345 386.66 400 288 400z""></path></svg><!-- <i class=""fa fa-eye""></i> -->"
"José de Freitas","1ª SERVENTIA EXTRAJUDICIAL DE REGISTRO GERAL DE JOSÉ DE FREITAS","Rua Hugo Napoleão, nº 1100, CEP 64.110-000 Centro","(86) 99834-8925 / 3264-1415 / (86) 9 9814-0063 / (86) 9 9833-7532","José de Freitas","
											<svg class=""svg-inline--fa fa-eye fa-w-18"" aria-hidden=""true"" focusable=""false"" data-prefix=""far"" data-icon=""eye"" role=""img"" xmlns=""http://www.w3.org/2000/svg"" viewBox=""0 0 576 512"" data-fa-i2svg=""""><path fill=""currentColor"" d=""M288 144a110.94 110.94 0 0 0-31.24 5 55.4 55.4 0 0 1 7.24 27 56 56 0 0 1-56 56 55.4 55.4 0 0 1-27-7.24A111.71 111.71 0 1 0 288 144zm284.52 97.4C518.29 135.59 410.93 64 288 64S57.68 135.64 3.48 241.41a32.35 32.35 0 0 0 0 29.19C57.71 376.41 165.07 448 288 448s230.32-71.64 284.52-177.41a32.35 32.35 0 0 0 0-29.19zM288 400c-98.65 0-189.09-55-237.93-144C98.91 167 189.34 112 288 112s189.09 55 237.93 144C477.1 345 386.66 400 288 400z""></path></svg><!-- <i class=""fa fa-eye""></i> -->"
Teresina,"1ª SERVENTIA EXTRAJUDICIAL DE REGISTRO CIVIL DAS PESSOAS NATURAIS E DE INTERDIÇÕES E TUTELAS DE TERESINA - 1ª ZONA","Rua Lizandro Nogueira, nº 2191, CEP 64.000-200 Centro","(86) 99540-5454",Teresina,"
											<svg class=""svg-inline--fa fa-eye fa-w-18"" aria-hidden=""true"" focusable=""false"" data-prefix=""far"" data-icon=""eye"" role=""img"" xmlns=""http://www.w3.org/2000/svg"" viewBox=""0 0 576 512"" data-fa-i2svg=""""><path fill=""currentColor"" d=""M288 144a110.94 110.94 0 0 0-31.24 5 55.4 55.4 0 0 1 7.24 27 56 56 0 0 1-56 56 55.4 55.4 0 0 1-27-7.24A111.71 111.71 0 1 0 288 144zm284.52 97.4C518.29 135.59 410.93 64 288 64S57.68 135.64 3.48 241.41a32.35 32.35 0 0 0 0 29.19C57.71 376.41 165.07 448 288 448s230.32-71.64 284.52-177.41a32.35 32.35 0 0 0 0-29.19zM288 400c-98.65 0-189.09-55-237.93-144C98.91 167 189.34 112 288 112s189.09 55 237.93 144C477.1 345 386.66 400 288 400z""></path></svg><!-- <i class=""fa fa-eye""></i> -->"
"Francisco Ayres","SERVENTIA EXTRAJUDICIAL DO OFÍCIO ÚNICO DE FRANCISCO AYRES","Rua Benedito Wilson, nº 217, CEP 64.475-000 Centro","(86) 99556-1511","Francisco Ayres","
											<svg class=""svg-inline--fa fa-eye fa-w-18"" aria-hidden=""true"" focusable=""false"" data-prefix=""far"" data-icon=""eye"" role=""img"" xmlns=""http://www.w3.org/2000/svg"" viewBox=""0 0 576 512"" data-fa-i2svg=""""><path fill=""currentColor"" d=""M288 144a110.94 110.94 0 0 0-31.24 5 55.4 55.4 0 0 1 7.24 27 56 56 0 0 1-56 56 55.4 55.4 0 0 1-27-7.24A111.71 111.71 0 1 0 288 144zm284.52 97.4C518.29 135.59 410.93 64 288 64S57.68 135.64 3.48 241.41a32.35 32.35 0 0 0 0 29.19C57.71 376.41 165.07 448 288 448s230.32-71.64 284.52-177.41a32.35 32.35 0 0 0 0-29.19zM288 400c-98.65 0-189.09-55-237.93-144C98.91 167 189.34 112 288 112s189.09 55 237.93 144C477.1 345 386.66 400 288 400z""></path></svg><!-- <i class=""fa fa-eye""></i> -->"
Agricolândia,"SERVENTIA EXTRAJUDICIAL DO OFÍCIO ÚNICO DE AGRICOLÂNDIA","Rua Roque Alencar, nº 13, CEP 64.440-000 Centro",,Agricolândia,"
											<svg class=""svg-inline--fa fa-eye fa-w-18"" aria-hidden=""true"" focusable=""false"" data-prefix=""far"" data-icon=""eye"" role=""img"" xmlns=""http://www.w3.org/2000/svg"" viewBox=""0 0 576 512"" data-fa-i2svg=""""><path fill=""currentColor"" d=""M288 144a110.94 110.94 0 0 0-31.24 5 55.4 55.4 0 0 1 7.24 27 56 56 0 0 1-56 56 55.4 55.4 0 0 1-27-7.24A111.71 111.71 0 1 0 288 144zm284.52 97.4C518.29 135.59 410.93 64 288 64S57.68 135.64 3.48 241.41a32.35 32.35 0 0 0 0 29.19C57.71 376.41 165.07 448 288 448s230.32-71.64 284.52-177.41a32.35 32.35 0 0 0 0-29.19zM288 400c-98.65 0-189.09-55-237.93-144C98.91 167 189.34 112 288 112s189.09 55 237.93 144C477.1 345 386.66 400 288 400z""></path></svg><!-- <i class=""fa fa-eye""></i> -->"
Itaueira,"SERVENTIA EXTRAJUDICIAL DO OFÍCIO ÚNICO DE ITAUEIRA","Rua Quirino Avelino, nº 197, CEP 64.820-000 Centro","(89) 3559-1131 / (89) 99906-0605","Itaueira, Rio Grande do Piauí, Flores do Piauí","
											<svg class=""svg-inline--fa fa-eye fa-w-18"" aria-hidden=""true"" focusable=""false"" data-prefix=""far"" data-icon=""eye"" role=""img"" xmlns=""http://www.w3.org/2000/svg"" viewBox=""0 0 576 512"" data-fa-i2svg=""""><path fill=""currentColor"" d=""M288 144a110.94 110.94 0 0 0-31.24 5 55.4 55.4 0 0 1 7.24 27 56 56 0 0 1-56 56 55.4 55.4 0 0 1-27-7.24A111.71 111.71 0 1 0 288 144zm284.52 97.4C518.29 135.59 410.93 64 288 64S57.68 135.64 3.48 241.41a32.35 32.35 0 0 0 0 29.19C57.71 376.41 165.07 448 288 448s230.32-71.64 284.52-177.41a32.35 32.35 0 0 0 0-29.19zM288 400c-98.65 0-189.09-55-237.93-144C98.91 167 189.34 112 288 112s189.09 55 237.93 144C477.1 345 386.66 400 288 400z""></path></svg><!-- <i class=""fa fa-eye""></i> -->"
"Campo Maior","1ª SERVENTIA EXTRAJUDICIAL DE REGISTRO GERAL DE CAMPO MAIOR","Avenida Santo Antônio, nº 552, Sala 10, CEP 64.280-000 Centro","(86) 99979-5317","Campo Maior, Nossa Senhora de Nazaré, Jatobá do Piauí, Sigefredo Pacheco","
											<svg class=""svg-inline--fa fa-eye fa-w-18"" aria-hidden=""true"" focusable=""false"" data-prefix=""far"" data-icon=""eye"" role=""img"" xmlns=""http://www.w3.org/2000/svg"" viewBox=""0 0 576 512"" data-fa-i2svg=""""><path fill=""currentColor"" d=""M288 144a110.94 110.94 0 0 0-31.24 5 55.4 55.4 0 0 1 7.24 27 56 56 0 0 1-56 56 55.4 55.4 0 0 1-27-7.24A111.71 111.71 0 1 0 288 144zm284.52 97.4C518.29 135.59 410.93 64 288 64S57.68 135.64 3.48 241.41a32.35 32.35 0 0 0 0 29.19C57.71 376.41 165.07 448 288 448s230.32-71.64 284.52-177.41a32.35 32.35 0 0 0 0-29.19zM288 400c-98.65 0-189.09-55-237.93-144C98.91 167 189.34 112 288 112s189.09 55 237.93 144C477.1 345 386.66 400 288 400z""></path></svg><!-- <i class=""fa fa-eye""></i> -->"
Teresina,"4ª SERVENTIA EXTRAJUDICIAL DE NOTAS, REGISTRO DE IMÓVEIS E REGISTRO DE TÍTULOS E DOCUMENTOS E CIVIS DAS PESSOAS JURÍDICAS DE TERESINA","Rua David Caldas, nº 757, CEP 64.000-190 Centro Norte","(86) 3221-3999 / 3221-3588","Teresina, Nazária","
											<svg class=""svg-inline--fa fa-eye fa-w-18"" aria-hidden=""true"" focusable=""false"" data-prefix=""far"" data-icon=""eye"" role=""img"" xmlns=""http://www.w3.org/2000/svg"" viewBox=""0 0 576 512"" data-fa-i2svg=""""><path fill=""currentColor"" d=""M288 144a110.94 110.94 0 0 0-31.24 5 55.4 55.4 0 0 1 7.24 27 56 56 0 0 1-56 56 55.4 55.4 0 0 1-27-7.24A111.71 111.71 0 1 0 288 144zm284.52 97.4C518.29 135.59 410.93 64 288 64S57.68 135.64 3.48 241.41a32.35 32.35 0 0 0 0 29.19C57.71 376.41 165.07 448 288 448s230.32-71.64 284.52-177.41a32.35 32.35 0 0 0 0-29.19zM288 400c-98.65 0-189.09-55-237.93-144C98.91 167 189.34 112 288 112s189.09 55 237.93 144C477.1 345 386.66 400 288 400z""></path></svg><!-- <i class=""fa fa-eye""></i> -->"
Jaicós,"1ª SERVENTIA EXTRAJUDICIAL DE JAICÓS","Praça Padre Marcos, nº 82, CEP 64.575-000 CENTRO","(89) 99439-2111","Jaicós, Campo Grande do Piauí, Massapé do Piauí, Patos do Piauí","
											<svg class=""svg-inline--fa fa-eye fa-w-18"" aria-hidden=""true"" focusable=""false"" data-prefix=""far"" data-icon=""eye"" role=""img"" xmlns=""http://www.w3.org/2000/svg"" viewBox=""0 0 576 512"" data-fa-i2svg=""""><path fill=""currentColor"" d=""M288 144a110.94 110.94 0 0 0-31.24 5 55.4 55.4 0 0 1 7.24 27 56 56 0 0 1-56 56 55.4 55.4 0 0 1-27-7.24A111.71 111.71 0 1 0 288 144zm284.52 97.4C518.29 135.59 410.93 64 288 64S57.68 135.64 3.48 241.41a32.35 32.35 0 0 0 0 29.19C57.71 376.41 165.07 448 288 448s230.32-71.64 284.52-177.41a32.35 32.35 0 0 0 0-29.19zM288 400c-98.65 0-189.09-55-237.93-144C98.91 167 189.34 112 288 112s189.09 55 237.93 144C477.1 345 386.66 400 288 400z""></path></svg><!-- <i class=""fa fa-eye""></i> -->"
"Canto do Buriti","SERVENTIA EXTRAJUDICIAL DO OFÍCIO ÚNICO DE CANTO DO BURITI","Avenida Getúlio Vargas, nº 738, CEP 64.890-000 Centro","(89) 98109-8733","Canto do Buriti, Pajeú do Piauí, Tamboril do Piauí, Brejo do Piauí","
											<svg class=""svg-inline--fa fa-eye fa-w-18"" aria-hidden=""true"" focusable=""false"" data-prefix=""far"" data-icon=""eye"" role=""img"" xmlns=""http://www.w3.org/2000/svg"" viewBox=""0 0 576 512"" data-fa-i2svg=""""><path fill=""currentColor"" d=""M288 144a110.94 110.94 0 0 0-31.24 5 55.4 55.4 0 0 1 7.24 27 56 56 0 0 1-56 56 55.4 55.4 0 0 1-27-7.24A111.71 111.71 0 1 0 288 144zm284.52 97.4C518.29 135.59 410.93 64 288 64S57.68 135.64 3.48 241.41a32.35 32.35 0 0 0 0 29.19C57.71 376.41 165.07 448 288 448s230.32-71.64 284.52-177.41a32.35 32.35 0 0 0 0-29.19zM288 400c-98.65 0-189.09-55-237.93-144C98.91 167 189.34 112 288 112s189.09 55 237.93 144C477.1 345 386.66 400 288 400z""></path></svg><!-- <i class=""fa fa-eye""></i> -->"
"Landri Sales","SERVENTIA EXTRAJUDICIAL DO OFÍCIO ÚNICO DE LANDRI SALES","Anexada provisoriamente à Serventia Extrajudicial do Ofício Único de Marcos Parente","(89) 99428-1874","Landri Sales","
											<svg class=""svg-inline--fa fa-eye fa-w-18"" aria-hidden=""true"" focusable=""false"" data-prefix=""far"" data-icon=""eye"" role=""img"" xmlns=""http://www.w3.org/2000/svg"" viewBox=""0 0 576 512"" data-fa-i2svg=""""><path fill=""currentColor"" d=""M288 144a110.94 110.94 0 0 0-31.24 5 55.4 55.4 0 0 1 7.24 27 56 56 0 0 1-56 56 55.4 55.4 0 0 1-27-7.24A111.71 111.71 0 1 0 288 144zm284.52 97.4C518.29 135.59 410.93 64 288 64S57.68 135.64 3.48 241.41a32.35 32.35 0 0 0 0 29.19C57.71 376.41 165.07 448 288 448s230.32-71.64 284.52-177.41a32.35 32.35 0 0 0 0-29.19zM288 400c-98.65 0-189.09-55-237.93-144C98.91 167 189.34 112 288 112s189.09 55 237.93 144C477.1 345 386.66 400 288 400z""></path></svg><!-- <i class=""fa fa-eye""></i> -->"
Simões,"2ª SERVENTIA EXTRAJUDICIAL DE TABELIONATO DE SIMÕES","Rua Josino Bartolomeu de Carvalho, nº 117, CEP 64.585-000 Centro","(89) 98134-3617",Simões,"
											<svg class=""svg-inline--fa fa-eye fa-w-18"" aria-hidden=""true"" focusable=""false"" data-prefix=""far"" data-icon=""eye"" role=""img"" xmlns=""http://www.w3.org/2000/svg"" viewBox=""0 0 576 512"" data-fa-i2svg=""""><path fill=""currentColor"" d=""M288 144a110.94 110.94 0 0 0-31.24 5 55.4 55.4 0 0 1 7.24 27 56 56 0 0 1-56 56 55.4 55.4 0 0 1-27-7.24A111.71 111.71 0 1 0 288 144zm284.52 97.4C518.29 135.59 410.93 64 288 64S57.68 135.64 3.48 241.41a32.35 32.35 0 0 0 0 29.19C57.71 376.41 165.07 448 288 448s230.32-71.64 284.52-177.41a32.35 32.35 0 0 0 0-29.19zM288 400c-98.65 0-189.09-55-237.93-144C98.91 167 189.34 112 288 112s189.09 55 237.93 144C477.1 345 386.66 400 288 400z""></path></svg><!-- <i class=""fa fa-eye""></i> -->"
"Palmeira do Piauí","SERVENTIA EXTRAJUDICIAL DO OFÍCIO ÚNICO DE PALMEIRA DO PIAUÍ","Rua Simão Borges, s/n, CEP 64.925-000 Centro","(89) 98107-7339","Palmeira do Piauí","
											<svg class=""svg-inline--fa fa-eye fa-w-18"" aria-hidden=""true"" focusable=""false"" data-prefix=""far"" data-icon=""eye"" role=""img"" xmlns=""http://www.w3.org/2000/svg"" viewBox=""0 0 576 512"" data-fa-i2svg=""""><path fill=""currentColor"" d=""M288 144a110.94 110.94 0 0 0-31.24 5 55.4 55.4 0 0 1 7.24 27 56 56 0 0 1-56 56 55.4 55.4 0 0 1-27-7.24A111.71 111.71 0 1 0 288 144zm284.52 97.4C518.29 135.59 410.93 64 288 64S57.68 135.64 3.48 241.41a32.35 32.35 0 0 0 0 29.19C57.71 376.41 165.07 448 288 448s230.32-71.64 284.52-177.41a32.35 32.35 0 0 0 0-29.19zM288 400c-98.65 0-189.09-55-237.93-144C98.91 167 189.34 112 288 112s189.09 55 237.93 144C477.1 345 386.66 400 288 400z""></path></svg><!-- <i class=""fa fa-eye""></i> -->"
"Monsenhor Gil","SERVENTIA EXTRAJUDICIAL DO OFÍCIO ÚNICO DE MONSENHOR GIL","Rua José Raimundo Brito, nº 218, Sala 'D', CEP 64.450-000 Centro","(86) 99939-0601","Monsenhor Gil, Curralinhos","
											<svg class=""svg-inline--fa fa-eye fa-w-18"" aria-hidden=""true"" focusable=""false"" data-prefix=""far"" data-icon=""eye"" role=""img"" xmlns=""http://www.w3.org/2000/svg"" viewBox=""0 0 576 512"" data-fa-i2svg=""""><path fill=""currentColor"" d=""M288 144a110.94 110.94 0 0 0-31.24 5 55.4 55.4 0 0 1 7.24 27 56 56 0 0 1-56 56 55.4 55.4 0 0 1-27-7.24A111.71 111.71 0 1 0 288 144zm284.52 97.4C518.29 135.59 410.93 64 288 64S57.68 135.64 3.48 241.41a32.35 32.35 0 0 0 0 29.19C57.71 376.41 165.07 448 288 448s230.32-71.64 284.52-177.41a32.35 32.35 0 0 0 0-29.19zM288 400c-98.65 0-189.09-55-237.93-144C98.91 167 189.34 112 288 112s189.09 55 237.93 144C477.1 345 386.66 400 288 400z""></path></svg><!-- <i class=""fa fa-eye""></i> -->"
"São Gonçalo do Piauí","SERVENTIA EXTRAJUDICIAL DO OFÍCIO ÚNICO DE SÃO GONÇALO DO PIAUÍ","Avenida Marechal Castelo Branco, s/n, CEP 64.435-000 Centro","(86) 99454-3003","São Gonçalo do Piauí, Santo Antônio do Milagres","
											<svg class=""svg-inline--fa fa-eye fa-w-18"" aria-hidden=""true"" focusable=""false"" data-prefix=""far"" data-icon=""eye"" role=""img"" xmlns=""http://www.w3.org/2000/svg"" viewBox=""0 0 576 512"" data-fa-i2svg=""""><path fill=""currentColor"" d=""M288 144a110.94 110.94 0 0 0-31.24 5 55.4 55.4 0 0 1 7.24 27 56 56 0 0 1-56 56 55.4 55.4 0 0 1-27-7.24A111.71 111.71 0 1 0 288 144zm284.52 97.4C518.29 135.59 410.93 64 288 64S57.68 135.64 3.48 241.41a32.35 32.35 0 0 0 0 29.19C57.71 376.41 165.07 448 288 448s230.32-71.64 284.52-177.41a32.35 32.35 0 0 0 0-29.19zM288 400c-98.65 0-189.09-55-237.93-144C98.91 167 189.34 112 288 112s189.09 55 237.93 144C477.1 345 386.66 400 288 400z""></path></svg><!-- <i class=""fa fa-eye""></i> -->"
Caracol,"SERVENTIA EXTRAJUDICIAL DO OFÍCIO ÚNICO DE CARACOL","Rua José Touta de Figueiredo, nº 133, CEP 64.795-000 Centro","(89) 98144-5000","Caracol, Guaribas","
											<svg class=""svg-inline--fa fa-eye fa-w-18"" aria-hidden=""true"" focusable=""false"" data-prefix=""far"" data-icon=""eye"" role=""img"" xmlns=""http://www.w3.org/2000/svg"" viewBox=""0 0 576 512"" data-fa-i2svg=""""><path fill=""currentColor"" d=""M288 144a110.94 110.94 0 0 0-31.24 5 55.4 55.4 0 0 1 7.24 27 56 56 0 0 1-56 56 55.4 55.4 0 0 1-27-7.24A111.71 111.71 0 1 0 288 144zm284.52 97.4C518.29 135.59 410.93 64 288 64S57.68 135.64 3.48 241.41a32.35 32.35 0 0 0 0 29.19C57.71 376.41 165.07 448 288 448s230.32-71.64 284.52-177.41a32.35 32.35 0 0 0 0-29.19zM288 400c-98.65 0-189.09-55-237.93-144C98.91 167 189.34 112 288 112s189.09 55 237.93 144C477.1 345 386.66 400 288 400z""></path></svg><!-- <i class=""fa fa-eye""></i> -->"
Cocal,"1ª SERVENTIA EXTRAJUDICIAL DE REGISTRO GERAL DE COCAL","Rua Dom Pedro I, nº 75, CEP 64.235-000 Centro","(86) 99915-3372","Cocal, Cocal dos Alves","
											<svg class=""svg-inline--fa fa-eye fa-w-18"" aria-hidden=""true"" focusable=""false"" data-prefix=""far"" data-icon=""eye"" role=""img"" xmlns=""http://www.w3.org/2000/svg"" viewBox=""0 0 576 512"" data-fa-i2svg=""""><path fill=""currentColor"" d=""M288 144a110.94 110.94 0 0 0-31.24 5 55.4 55.4 0 0 1 7.24 27 56 56 0 0 1-56 56 55.4 55.4 0 0 1-27-7.24A111.71 111.71 0 1 0 288 144zm284.52 97.4C518.29 135.59 410.93 64 288 64S57.68 135.64 3.48 241.41a32.35 32.35 0 0 0 0 29.19C57.71 376.41 165.07 448 288 448s230.32-71.64 284.52-177.41a32.35 32.35 0 0 0 0-29.19zM288 400c-98.65 0-189.09-55-237.93-144C98.91 167 189.34 112 288 112s189.09 55 237.93 144C477.1 345 386.66 400 288 400z""></path></svg><!-- <i class=""fa fa-eye""></i> -->"
"Monte Alegre do Piauí","SERVENTIA EXTRAJUDICIAL DO OFÍCIO ÚNICO DE MONTE ALEGRE DO PIAUÍ","BR 135, S/N, CEP: 64.940-000 CENTRO","(89) 99992-7004","Monte Alegre do Piauí","
											<svg class=""svg-inline--fa fa-eye fa-w-18"" aria-hidden=""true"" focusable=""false"" data-prefix=""far"" data-icon=""eye"" role=""img"" xmlns=""http://www.w3.org/2000/svg"" viewBox=""0 0 576 512"" data-fa-i2svg=""""><path fill=""currentColor"" d=""M288 144a110.94 110.94 0 0 0-31.24 5 55.4 55.4 0 0 1 7.24 27 56 56 0 0 1-56 56 55.4 55.4 0 0 1-27-7.24A111.71 111.71 0 1 0 288 144zm284.52 97.4C518.29 135.59 410.93 64 288 64S57.68 135.64 3.48 241.41a32.35 32.35 0 0 0 0 29.19C57.71 376.41 165.07 448 288 448s230.32-71.64 284.52-177.41a32.35 32.35 0 0 0 0-29.19zM288 400c-98.65 0-189.09-55-237.93-144C98.91 167 189.34 112 288 112s189.09 55 237.93 144C477.1 345 386.66 400 288 400z""></path></svg><!-- <i class=""fa fa-eye""></i> -->"
"Conceição do Canindé","SERVENTIA EXTRAJUDICIAL DO OFÍCIO ÚNICO DE CONCEIÇÃO DO CANINDÉ","Praça Sul, nº 174, CEP 64.740-000 Centro","(89) 3489-1449","Conceição do Canindé, São Francisco de Assis do Piauí","
											<svg class=""svg-inline--fa fa-eye fa-w-18"" aria-hidden=""true"" focusable=""false"" data-prefix=""far"" data-icon=""eye"" role=""img"" xmlns=""http://www.w3.org/2000/svg"" viewBox=""0 0 576 512"" data-fa-i2svg=""""><path fill=""currentColor"" d=""M288 144a110.94 110.94 0 0 0-31.24 5 55.4 55.4 0 0 1 7.24 27 56 56 0 0 1-56 56 55.4 55.4 0 0 1-27-7.24A111.71 111.71 0 1 0 288 144zm284.52 97.4C518.29 135.59 410.93 64 288 64S57.68 135.64 3.48 241.41a32.35 32.35 0 0 0 0 29.19C57.71 376.41 165.07 448 288 448s230.32-71.64 284.52-177.41a32.35 32.35 0 0 0 0-29.19zM288 400c-98.65 0-189.09-55-237.93-144C98.91 167 189.34 112 288 112s189.09 55 237.93 144C477.1 345 386.66 400 288 400z""></path></svg><!-- <i class=""fa fa-eye""></i> -->"
"Pedro II","2ª SERVENTIA EXTRAJUDICIAL DE TABELIONATO DE PEDRO II","AVENIDA CORONEL CORDEIRO, 611 CENTRO","(86) 3271-1173 / (86) 98136-9130 / (86) 99428-7093","Pedro II, Lagoa de São Francisco, Milton Brandão","
											<svg class=""svg-inline--fa fa-eye fa-w-18"" aria-hidden=""true"" focusable=""false"" data-prefix=""far"" data-icon=""eye"" role=""img"" xmlns=""http://www.w3.org/2000/svg"" viewBox=""0 0 576 512"" data-fa-i2svg=""""><path fill=""currentColor"" d=""M288 144a110.94 110.94 0 0 0-31.24 5 55.4 55.4 0 0 1 7.24 27 56 56 0 0 1-56 56 55.4 55.4 0 0 1-27-7.24A111.71 111.71 0 1 0 288 144zm284.52 97.4C518.29 135.59 410.93 64 288 64S57.68 135.64 3.48 241.41a32.35 32.35 0 0 0 0 29.19C57.71 376.41 165.07 448 288 448s230.32-71.64 284.52-177.41a32.35 32.35 0 0 0 0-29.19zM288 400c-98.65 0-189.09-55-237.93-144C98.91 167 189.34 112 288 112s189.09 55 237.93 144C477.1 345 386.66 400 288 400z""></path></svg><!-- <i class=""fa fa-eye""></i> -->"
"Campinas do Piauí","SERVENTIA EXTRAJUDICIAL DO OFÍCIO ÚNICO DE CAMPINAS DO PIAUÍ","Rua Dom Expedito Lopes, nº 503, CEP 64.730-000 Centro","(89) 99445-2630","Campinas do Piauí","
											<svg class=""svg-inline--fa fa-eye fa-w-18"" aria-hidden=""true"" focusable=""false"" data-prefix=""far"" data-icon=""eye"" role=""img"" xmlns=""http://www.w3.org/2000/svg"" viewBox=""0 0 576 512"" data-fa-i2svg=""""><path fill=""currentColor"" d=""M288 144a110.94 110.94 0 0 0-31.24 5 55.4 55.4 0 0 1 7.24 27 56 56 0 0 1-56 56 55.4 55.4 0 0 1-27-7.24A111.71 111.71 0 1 0 288 144zm284.52 97.4C518.29 135.59 410.93 64 288 64S57.68 135.64 3.48 241.41a32.35 32.35 0 0 0 0 29.19C57.71 376.41 165.07 448 288 448s230.32-71.64 284.52-177.41a32.35 32.35 0 0 0 0-29.19zM288 400c-98.65 0-189.09-55-237.93-144C98.91 167 189.34 112 288 112s189.09 55 237.93 144C477.1 345 386.66 400 288 400z""></path></svg><!-- <i class=""fa fa-eye""></i> -->"
Teresina,"5ª SERVENTIA EXTRAJUDICIAL DE NOTAS, PROTESTO DE TÍTULOS E REGISTRO DE TÍTULOS E DOCUMENTOS E CIVIS DAS PESSOAS JURÍDICAS DE TERESINA","Rua David Caldas, nº 167, CEP 64.000-190 Centro Norte","(86) 3029-8205","Teresina, Nazária","
											<svg class=""svg-inline--fa fa-eye fa-w-18"" aria-hidden=""true"" focusable=""false"" data-prefix=""far"" data-icon=""eye"" role=""img"" xmlns=""http://www.w3.org/2000/svg"" viewBox=""0 0 576 512"" data-fa-i2svg=""""><path fill=""currentColor"" d=""M288 144a110.94 110.94 0 0 0-31.24 5 55.4 55.4 0 0 1 7.24 27 56 56 0 0 1-56 56 55.4 55.4 0 0 1-27-7.24A111.71 111.71 0 1 0 288 144zm284.52 97.4C518.29 135.59 410.93 64 288 64S57.68 135.64 3.48 241.41a32.35 32.35 0 0 0 0 29.19C57.71 376.41 165.07 448 288 448s230.32-71.64 284.52-177.41a32.35 32.35 0 0 0 0-29.19zM288 400c-98.65 0-189.09-55-237.93-144C98.91 167 189.34 112 288 112s189.09 55 237.93 144C477.1 345 386.66 400 288 400z""></path></svg><!-- <i class=""fa fa-eye""></i> -->"
Picos,"2ª SERVENTIA EXTRAJUDICIAL DE REGISTRO DE IMÓVEIS, REGISTRO DE TÍTULOS E DOCUMENTOS E CIVIL DAS PESSOAS JURÍDICAS E REGISTRO CIVIL DAS PESSOAS NATURAIS E DE INTERDIÇÕES E TUTELAS DE PICOS - 2ª ZONA","Avenida Getúlio Vargas, nº 613, CEP 64.600-002 Centro","(89) 3422-5959","Picos, Santana do Piauí, Sussuapara","
											<svg class=""svg-inline--fa fa-eye fa-w-18"" aria-hidden=""true"" focusable=""false"" data-prefix=""far"" data-icon=""eye"" role=""img"" xmlns=""http://www.w3.org/2000/svg"" viewBox=""0 0 576 512"" data-fa-i2svg=""""><path fill=""currentColor"" d=""M288 144a110.94 110.94 0 0 0-31.24 5 55.4 55.4 0 0 1 7.24 27 56 56 0 0 1-56 56 55.4 55.4 0 0 1-27-7.24A111.71 111.71 0 1 0 288 144zm284.52 97.4C518.29 135.59 410.93 64 288 64S57.68 135.64 3.48 241.41a32.35 32.35 0 0 0 0 29.19C57.71 376.41 165.07 448 288 448s230.32-71.64 284.52-177.41a32.35 32.35 0 0 0 0-29.19zM288 400c-98.65 0-189.09-55-237.93-144C98.91 167 189.34 112 288 112s189.09 55 237.93 144C477.1 345 386.66 400 288 400z""></path></svg><!-- <i class=""fa fa-eye""></i> -->"
Teresina,"1ª SERVENTIA EXTRAJUDICIAL DE  NOTAS, REGISTRO DE IMÓVEIS E REGISTRO DE TÍTULOS E DOCUMENTOS DE TERESINA","Rua Davi Caldas, nº 495, CEP 64.001-190 Centro","(86) 3221-7513 / 3221-7419","Teresina, Nazária","
											<svg class=""svg-inline--fa fa-eye fa-w-18"" aria-hidden=""true"" focusable=""false"" data-prefix=""far"" data-icon=""eye"" role=""img"" xmlns=""http://www.w3.org/2000/svg"" viewBox=""0 0 576 512"" data-fa-i2svg=""""><path fill=""currentColor"" d=""M288 144a110.94 110.94 0 0 0-31.24 5 55.4 55.4 0 0 1 7.24 27 56 56 0 0 1-56 56 55.4 55.4 0 0 1-27-7.24A111.71 111.71 0 1 0 288 144zm284.52 97.4C518.29 135.59 410.93 64 288 64S57.68 135.64 3.48 241.41a32.35 32.35 0 0 0 0 29.19C57.71 376.41 165.07 448 288 448s230.32-71.64 284.52-177.41a32.35 32.35 0 0 0 0-29.19zM288 400c-98.65 0-189.09-55-237.93-144C98.91 167 189.34 112 288 112s189.09 55 237.93 144C477.1 345 386.66 400 288 400z""></path></svg><!-- <i class=""fa fa-eye""></i> -->"
Teresina,"SERVENTIA EXTRAJUDICIAL DO OFÍCIO ÚNICO DE NAZÁRIA",,,,"
											<svg class=""svg-inline--fa fa-eye fa-w-18"" aria-hidden=""true"" focusable=""false"" data-prefix=""far"" data-icon=""eye"" role=""img"" xmlns=""http://www.w3.org/2000/svg"" viewBox=""0 0 576 512"" data-fa-i2svg=""""><path fill=""currentColor"" d=""M288 144a110.94 110.94 0 0 0-31.24 5 55.4 55.4 0 0 1 7.24 27 56 56 0 0 1-56 56 55.4 55.4 0 0 1-27-7.24A111.71 111.71 0 1 0 288 144zm284.52 97.4C518.29 135.59 410.93 64 288 64S57.68 135.64 3.48 241.41a32.35 32.35 0 0 0 0 29.19C57.71 376.41 165.07 448 288 448s230.32-71.64 284.52-177.41a32.35 32.35 0 0 0 0-29.19zM288 400c-98.65 0-189.09-55-237.93-144C98.91 167 189.34 112 288 112s189.09 55 237.93 144C477.1 345 386.66 400 288 400z""></path></svg><!-- <i class=""fa fa-eye""></i> -->"
"São Miguel do Tapuio","SERVENTIA EXTRAJUDICIAL DO OFÍCIO ÚNICO DE SÃO MIGUEL DO TAPUIO","Rua Francisca de Aragão Paiva, nº 447, Bloco 06, CEP 64.330-000 Centro","(86) 98193-8899 / (86) 99817-8756","São Miguel do Tapuio, Assunção do Piauí","
											<svg class=""svg-inline--fa fa-eye fa-w-18"" aria-hidden=""true"" focusable=""false"" data-prefix=""far"" data-icon=""eye"" role=""img"" xmlns=""http://www.w3.org/2000/svg"" viewBox=""0 0 576 512"" data-fa-i2svg=""""><path fill=""currentColor"" d=""M288 144a110.94 110.94 0 0 0-31.24 5 55.4 55.4 0 0 1 7.24 27 56 56 0 0 1-56 56 55.4 55.4 0 0 1-27-7.24A111.71 111.71 0 1 0 288 144zm284.52 97.4C518.29 135.59 410.93 64 288 64S57.68 135.64 3.48 241.41a32.35 32.35 0 0 0 0 29.19C57.71 376.41 165.07 448 288 448s230.32-71.64 284.52-177.41a32.35 32.35 0 0 0 0-29.19zM288 400c-98.65 0-189.09-55-237.93-144C98.91 167 189.34 112 288 112s189.09 55 237.93 144C477.1 345 386.66 400 288 400z""></path></svg><!-- <i class=""fa fa-eye""></i> -->"
Esperantina,"1ª SERVENTIA EXTRAJUDICIAL DE REGISTRO GERAL DE ESPERANTINA","Praça Leônidas Melo, nº 50, CEP 64.180-000 Centro","(86) 99407-4277","Esperantina, Morro do Chapéu do Piauí","
											<svg class=""svg-inline--fa fa-eye fa-w-18"" aria-hidden=""true"" focusable=""false"" data-prefix=""far"" data-icon=""eye"" role=""img"" xmlns=""http://www.w3.org/2000/svg"" viewBox=""0 0 576 512"" data-fa-i2svg=""""><path fill=""currentColor"" d=""M288 144a110.94 110.94 0 0 0-31.24 5 55.4 55.4 0 0 1 7.24 27 56 56 0 0 1-56 56 55.4 55.4 0 0 1-27-7.24A111.71 111.71 0 1 0 288 144zm284.52 97.4C518.29 135.59 410.93 64 288 64S57.68 135.64 3.48 241.41a32.35 32.35 0 0 0 0 29.19C57.71 376.41 165.07 448 288 448s230.32-71.64 284.52-177.41a32.35 32.35 0 0 0 0-29.19zM288 400c-98.65 0-189.09-55-237.93-144C98.91 167 189.34 112 288 112s189.09 55 237.93 144C477.1 345 386.66 400 288 400z""></path></svg><!-- <i class=""fa fa-eye""></i> -->"
Teresina,"2ª SERVENTIA EXTRAJUDICIAL DE REGISTRO CIVIL DAS PESSOAS NATURAIS E DE INTERDIÇÕES E TUTELAS DE TERESINA","Rua Senador Teodoro Pacheco, nº 855, CEP 64.001-060 Centro","(86)3221-5866 / (86) 3081-9353 / (86) 99999-3138",Teresina,"
											<svg class=""svg-inline--fa fa-eye fa-w-18"" aria-hidden=""true"" focusable=""false"" data-prefix=""far"" data-icon=""eye"" role=""img"" xmlns=""http://www.w3.org/2000/svg"" viewBox=""0 0 576 512"" data-fa-i2svg=""""><path fill=""currentColor"" d=""M288 144a110.94 110.94 0 0 0-31.24 5 55.4 55.4 0 0 1 7.24 27 56 56 0 0 1-56 56 55.4 55.4 0 0 1-27-7.24A111.71 111.71 0 1 0 288 144zm284.52 97.4C518.29 135.59 410.93 64 288 64S57.68 135.64 3.48 241.41a32.35 32.35 0 0 0 0 29.19C57.71 376.41 165.07 448 288 448s230.32-71.64 284.52-177.41a32.35 32.35 0 0 0 0-29.19zM288 400c-98.65 0-189.09-55-237.93-144C98.91 167 189.34 112 288 112s189.09 55 237.93 144C477.1 345 386.66 400 288 400z""></path></svg><!-- <i class=""fa fa-eye""></i> -->"
Fronteiras,"SERVENTIA EXTRAJUDICIAL DO OFÍCIO ÚNICO DE FRONTEIRAS","Avenida 07 de Setembro, nº 533, CEP 64.690-000 Centro","(86) 99996-5069",Fronteiras,"
											<svg class=""svg-inline--fa fa-eye fa-w-18"" aria-hidden=""true"" focusable=""false"" data-prefix=""far"" data-icon=""eye"" role=""img"" xmlns=""http://www.w3.org/2000/svg"" viewBox=""0 0 576 512"" data-fa-i2svg=""""><path fill=""currentColor"" d=""M288 144a110.94 110.94 0 0 0-31.24 5 55.4 55.4 0 0 1 7.24 27 56 56 0 0 1-56 56 55.4 55.4 0 0 1-27-7.24A111.71 111.71 0 1 0 288 144zm284.52 97.4C518.29 135.59 410.93 64 288 64S57.68 135.64 3.48 241.41a32.35 32.35 0 0 0 0 29.19C57.71 376.41 165.07 448 288 448s230.32-71.64 284.52-177.41a32.35 32.35 0 0 0 0-29.19zM288 400c-98.65 0-189.09-55-237.93-144C98.91 167 189.34 112 288 112s189.09 55 237.93 144C477.1 345 386.66 400 288 400z""></path></svg><!-- <i class=""fa fa-eye""></i> -->"
Barras,"1ª SERVENTIA EXTRAJUDICIAL DE REGISTRO GERAL DE BARRAS","Rua Coronel Correia, nº 121, CEP 64.100-000 Centro","(21) 99901-8070 / (86) 99925-4813",Barras,"
											<svg class=""svg-inline--fa fa-eye fa-w-18"" aria-hidden=""true"" focusable=""false"" data-prefix=""far"" data-icon=""eye"" role=""img"" xmlns=""http://www.w3.org/2000/svg"" viewBox=""0 0 576 512"" data-fa-i2svg=""""><path fill=""currentColor"" d=""M288 144a110.94 110.94 0 0 0-31.24 5 55.4 55.4 0 0 1 7.24 27 56 56 0 0 1-56 56 55.4 55.4 0 0 1-27-7.24A111.71 111.71 0 1 0 288 144zm284.52 97.4C518.29 135.59 410.93 64 288 64S57.68 135.64 3.48 241.41a32.35 32.35 0 0 0 0 29.19C57.71 376.41 165.07 448 288 448s230.32-71.64 284.52-177.41a32.35 32.35 0 0 0 0-29.19zM288 400c-98.65 0-189.09-55-237.93-144C98.91 167 189.34 112 288 112s189.09 55 237.93 144C477.1 345 386.66 400 288 400z""></path></svg><!-- <i class=""fa fa-eye""></i> -->"
Parnaguá,"SERVENTIA EXTRAJUDICIAL DO OFÍCIO ÚNICO DE PARNAGUÁ","Avenida David Mascarenhas, s/n, CEP 64.970-000 Centro","(89) 98112-9637","Parnaguá, Riacho Frio","
											<svg class=""svg-inline--fa fa-eye fa-w-18"" aria-hidden=""true"" focusable=""false"" data-prefix=""far"" data-icon=""eye"" role=""img"" xmlns=""http://www.w3.org/2000/svg"" viewBox=""0 0 576 512"" data-fa-i2svg=""""><path fill=""currentColor"" d=""M288 144a110.94 110.94 0 0 0-31.24 5 55.4 55.4 0 0 1 7.24 27 56 56 0 0 1-56 56 55.4 55.4 0 0 1-27-7.24A111.71 111.71 0 1 0 288 144zm284.52 97.4C518.29 135.59 410.93 64 288 64S57.68 135.64 3.48 241.41a32.35 32.35 0 0 0 0 29.19C57.71 376.41 165.07 448 288 448s230.32-71.64 284.52-177.41a32.35 32.35 0 0 0 0-29.19zM288 400c-98.65 0-189.09-55-237.93-144C98.91 167 189.34 112 288 112s189.09 55 237.93 144C477.1 345 386.66 400 288 400z""></path></svg><!-- <i class=""fa fa-eye""></i> -->"
"São Félix do Piauí","SERVENTIA EXTRAJUDICIAL DO OFÍCIO ÚNICO DE SÃO FÉLIX DO PIAUÍ","Avenida 29 de Julho, nº 625, CEP 64.375-000 Centro","(86) 98176-9008","São Félix do Piauí, Santa Cruz dos Milagres, São Miguel da Baixa Grande","
											<svg class=""svg-inline--fa fa-eye fa-w-18"" aria-hidden=""true"" focusable=""false"" data-prefix=""far"" data-icon=""eye"" role=""img"" xmlns=""http://www.w3.org/2000/svg"" viewBox=""0 0 576 512"" data-fa-i2svg=""""><path fill=""currentColor"" d=""M288 144a110.94 110.94 0 0 0-31.24 5 55.4 55.4 0 0 1 7.24 27 56 56 0 0 1-56 56 55.4 55.4 0 0 1-27-7.24A111.71 111.71 0 1 0 288 144zm284.52 97.4C518.29 135.59 410.93 64 288 64S57.68 135.64 3.48 241.41a32.35 32.35 0 0 0 0 29.19C57.71 376.41 165.07 448 288 448s230.32-71.64 284.52-177.41a32.35 32.35 0 0 0 0-29.19zM288 400c-98.65 0-189.09-55-237.93-144C98.91 167 189.34 112 288 112s189.09 55 237.93 144C477.1 345 386.66 400 288 400z""></path></svg><!-- <i class=""fa fa-eye""></i> -->"
Teresina,"3ª SERVENTIA EXTRAJUDICIAL DE NOTAS, PROTESTO DE TÍTULOS E REGISTRO DE TÍTULOS E DOCUMENTOS E CIVIS DAS PESSOAS JURÍDICAS DE TERESINA","Rua Lizando Nogueira, nº 1223, CEP 64.000-200 Centro","(86)3321-6011 / (86) 98845-8633 / (86) 98845-8637","Teresina, Nazária","
											<svg class=""svg-inline--fa fa-eye fa-w-18"" aria-hidden=""true"" focusable=""false"" data-prefix=""far"" data-icon=""eye"" role=""img"" xmlns=""http://www.w3.org/2000/svg"" viewBox=""0 0 576 512"" data-fa-i2svg=""""><path fill=""currentColor"" d=""M288 144a110.94 110.94 0 0 0-31.24 5 55.4 55.4 0 0 1 7.24 27 56 56 0 0 1-56 56 55.4 55.4 0 0 1-27-7.24A111.71 111.71 0 1 0 288 144zm284.52 97.4C518.29 135.59 410.93 64 288 64S57.68 135.64 3.48 241.41a32.35 32.35 0 0 0 0 29.19C57.71 376.41 165.07 448 288 448s230.32-71.64 284.52-177.41a32.35 32.35 0 0 0 0-29.19zM288 400c-98.65 0-189.09-55-237.93-144C98.91 167 189.34 112 288 112s189.09 55 237.93 144C477.1 345 386.66 400 288 400z""></path></svg><!-- <i class=""fa fa-eye""></i> -->"
"Anísio de Abreu","SERVENTIA EXTRAJUDICIAL DO OFÍCIO ÚNICO DE ANÍSIO DE ABREU","Rua Lino Ribeiro nº 85, CEP 64.780-000 Centro","(89) 3588-1307","Anísio de Abreu, Jurema, Várzea Branca","
											<svg class=""svg-inline--fa fa-eye fa-w-18"" aria-hidden=""true"" focusable=""false"" data-prefix=""far"" data-icon=""eye"" role=""img"" xmlns=""http://www.w3.org/2000/svg"" viewBox=""0 0 576 512"" data-fa-i2svg=""""><path fill=""currentColor"" d=""M288 144a110.94 110.94 0 0 0-31.24 5 55.4 55.4 0 0 1 7.24 27 56 56 0 0 1-56 56 55.4 55.4 0 0 1-27-7.24A111.71 111.71 0 1 0 288 144zm284.52 97.4C518.29 135.59 410.93 64 288 64S57.68 135.64 3.48 241.41a32.35 32.35 0 0 0 0 29.19C57.71 376.41 165.07 448 288 448s230.32-71.64 284.52-177.41a32.35 32.35 0 0 0 0-29.19zM288 400c-98.65 0-189.09-55-237.93-144C98.91 167 189.34 112 288 112s189.09 55 237.93 144C477.1 345 386.66 400 288 400z""></path></svg><!-- <i class=""fa fa-eye""></i> -->"
"Joaquim Pires","SERVENTIA EXTRAJUDICIAL DO OFÍCIO ÚNICO DE JOAQUIM PIRES","Rua Princesa Isabel, nº 198-B, CEP 64.170-000 Centro","(86) 98169-5000","Joaquim Pires, Murici dos Portelas","
											<svg class=""svg-inline--fa fa-eye fa-w-18"" aria-hidden=""true"" focusable=""false"" data-prefix=""far"" data-icon=""eye"" role=""img"" xmlns=""http://www.w3.org/2000/svg"" viewBox=""0 0 576 512"" data-fa-i2svg=""""><path fill=""currentColor"" d=""M288 144a110.94 110.94 0 0 0-31.24 5 55.4 55.4 0 0 1 7.24 27 56 56 0 0 1-56 56 55.4 55.4 0 0 1-27-7.24A111.71 111.71 0 1 0 288 144zm284.52 97.4C518.29 135.59 410.93 64 288 64S57.68 135.64 3.48 241.41a32.35 32.35 0 0 0 0 29.19C57.71 376.41 165.07 448 288 448s230.32-71.64 284.52-177.41a32.35 32.35 0 0 0 0-29.19zM288 400c-98.65 0-189.09-55-237.93-144C98.91 167 189.34 112 288 112s189.09 55 237.93 144C477.1 345 386.66 400 288 400z""></path></svg><!-- <i class=""fa fa-eye""></i> -->"
Jaicós,"2ª SERVENTIA EXTRAJUDICIAL DE JAICÓS","Praça Padre Marcos, nº 22, CEP 64.575-000 Centro","(89) 3457-1170","Jaicós, Campo Grande do Piauí, Massapé do Piauí, Patos do Piauí","
											<svg class=""svg-inline--fa fa-eye fa-w-18"" aria-hidden=""true"" focusable=""false"" data-prefix=""far"" data-icon=""eye"" role=""img"" xmlns=""http://www.w3.org/2000/svg"" viewBox=""0 0 576 512"" data-fa-i2svg=""""><path fill=""currentColor"" d=""M288 144a110.94 110.94 0 0 0-31.24 5 55.4 55.4 0 0 1 7.24 27 56 56 0 0 1-56 56 55.4 55.4 0 0 1-27-7.24A111.71 111.71 0 1 0 288 144zm284.52 97.4C518.29 135.59 410.93 64 288 64S57.68 135.64 3.48 241.41a32.35 32.35 0 0 0 0 29.19C57.71 376.41 165.07 448 288 448s230.32-71.64 284.52-177.41a32.35 32.35 0 0 0 0-29.19zM288 400c-98.65 0-189.09-55-237.93-144C98.91 167 189.34 112 288 112s189.09 55 237.93 144C477.1 345 386.66 400 288 400z""></path></svg><!-- <i class=""fa fa-eye""></i> -->"
Batalha,"SERVENTIA EXTRAJUDICIAL DO OFÍCIO ÚNICO DE BATALHA","Travessa 13 de Maio, nº 50, CEP 64.190-000 Centro",(86)3347-1154,Batalha,"
											<svg class=""svg-inline--fa fa-eye fa-w-18"" aria-hidden=""true"" focusable=""false"" data-prefix=""far"" data-icon=""eye"" role=""img"" xmlns=""http://www.w3.org/2000/svg"" viewBox=""0 0 576 512"" data-fa-i2svg=""""><path fill=""currentColor"" d=""M288 144a110.94 110.94 0 0 0-31.24 5 55.4 55.4 0 0 1 7.24 27 56 56 0 0 1-56 56 55.4 55.4 0 0 1-27-7.24A111.71 111.71 0 1 0 288 144zm284.52 97.4C518.29 135.59 410.93 64 288 64S57.68 135.64 3.48 241.41a32.35 32.35 0 0 0 0 29.19C57.71 376.41 165.07 448 288 448s230.32-71.64 284.52-177.41a32.35 32.35 0 0 0 0-29.19zM288 400c-98.65 0-189.09-55-237.93-144C98.91 167 189.34 112 288 112s189.09 55 237.93 144C477.1 345 386.66 400 288 400z""></path></svg><!-- <i class=""fa fa-eye""></i> -->"
"Marcos Parente","SERVENTIA EXTRAJUDICIAL DO OFÍCIO ÚNICO DE MARCOS PARENTE","Rua Getúlio Vargas, nº 1083, CEP 64.845-000 Centro","(89) 99475-6954","Marcos Parente","
											<svg class=""svg-inline--fa fa-eye fa-w-18"" aria-hidden=""true"" focusable=""false"" data-prefix=""far"" data-icon=""eye"" role=""img"" xmlns=""http://www.w3.org/2000/svg"" viewBox=""0 0 576 512"" data-fa-i2svg=""""><path fill=""currentColor"" d=""M288 144a110.94 110.94 0 0 0-31.24 5 55.4 55.4 0 0 1 7.24 27 56 56 0 0 1-56 56 55.4 55.4 0 0 1-27-7.24A111.71 111.71 0 1 0 288 144zm284.52 97.4C518.29 135.59 410.93 64 288 64S57.68 135.64 3.48 241.41a32.35 32.35 0 0 0 0 29.19C57.71 376.41 165.07 448 288 448s230.32-71.64 284.52-177.41a32.35 32.35 0 0 0 0-29.19zM288 400c-98.65 0-189.09-55-237.93-144C98.91 167 189.34 112 288 112s189.09 55 237.93 144C477.1 345 386.66 400 288 400z""></path></svg><!-- <i class=""fa fa-eye""></i> -->"
Gilbués,"SERVENTIA EXTRAJUDICIAL DO OFÍCIO ÚNICO DE GILBUÉS","Rua Fausto Lustosa, nº 840, CEP 64.930-000 Centro","(89) 3578-1584","Gilbués, São Gonçalo do Gurguéia","
											<svg class=""svg-inline--fa fa-eye fa-w-18"" aria-hidden=""true"" focusable=""false"" data-prefix=""far"" data-icon=""eye"" role=""img"" xmlns=""http://www.w3.org/2000/svg"" viewBox=""0 0 576 512"" data-fa-i2svg=""""><path fill=""currentColor"" d=""M288 144a110.94 110.94 0 0 0-31.24 5 55.4 55.4 0 0 1 7.24 27 56 56 0 0 1-56 56 55.4 55.4 0 0 1-27-7.24A111.71 111.71 0 1 0 288 144zm284.52 97.4C518.29 135.59 410.93 64 288 64S57.68 135.64 3.48 241.41a32.35 32.35 0 0 0 0 29.19C57.71 376.41 165.07 448 288 448s230.32-71.64 284.52-177.41a32.35 32.35 0 0 0 0-29.19zM288 400c-98.65 0-189.09-55-237.93-144C98.91 167 189.34 112 288 112s189.09 55 237.93 144C477.1 345 386.66 400 288 400z""></path></svg><!-- <i class=""fa fa-eye""></i> -->"
"Bom Jesus","1ª SERVENTIA EXTRAJUDICIAL DE REGISTRO GERAL DE BOM JESUS","Rua Dr. Francisco de Assis Duarte Rocha, 576-A, CEP 64.900-000 Centro","(89) 99925-5875","Bom Jesus, Currais","
											<svg class=""svg-inline--fa fa-eye fa-w-18"" aria-hidden=""true"" focusable=""false"" data-prefix=""far"" data-icon=""eye"" role=""img"" xmlns=""http://www.w3.org/2000/svg"" viewBox=""0 0 576 512"" data-fa-i2svg=""""><path fill=""currentColor"" d=""M288 144a110.94 110.94 0 0 0-31.24 5 55.4 55.4 0 0 1 7.24 27 56 56 0 0 1-56 56 55.4 55.4 0 0 1-27-7.24A111.71 111.71 0 1 0 288 144zm284.52 97.4C518.29 135.59 410.93 64 288 64S57.68 135.64 3.48 241.41a32.35 32.35 0 0 0 0 29.19C57.71 376.41 165.07 448 288 448s230.32-71.64 284.52-177.41a32.35 32.35 0 0 0 0-29.19zM288 400c-98.65 0-189.09-55-237.93-144C98.91 167 189.34 112 288 112s189.09 55 237.93 144C477.1 345 386.66 400 288 400z""></path></svg><!-- <i class=""fa fa-eye""></i> -->"
"São Pedro do Piauí","SERVENTIA EXTRAJUDICIAL DO OFÍCIO ÚNICO DE SÃO PEDRO DO PIAUÍ","Avenida Presidente Vargas, nº 671, CEP 64.430-000  Centro","(86) 3280-1133 / (86) 99954-9548","São Pedro do Piauí","
											<svg class=""svg-inline--fa fa-eye fa-w-18"" aria-hidden=""true"" focusable=""false"" data-prefix=""far"" data-icon=""eye"" role=""img"" xmlns=""http://www.w3.org/2000/svg"" viewBox=""0 0 576 512"" data-fa-i2svg=""""><path fill=""currentColor"" d=""M288 144a110.94 110.94 0 0 0-31.24 5 55.4 55.4 0 0 1 7.24 27 56 56 0 0 1-56 56 55.4 55.4 0 0 1-27-7.24A111.71 111.71 0 1 0 288 144zm284.52 97.4C518.29 135.59 410.93 64 288 64S57.68 135.64 3.48 241.41a32.35 32.35 0 0 0 0 29.19C57.71 376.41 165.07 448 288 448s230.32-71.64 284.52-177.41a32.35 32.35 0 0 0 0-29.19zM288 400c-98.65 0-189.09-55-237.93-144C98.91 167 189.34 112 288 112s189.09 55 237.93 144C477.1 345 386.66 400 288 400z""></path></svg><!-- <i class=""fa fa-eye""></i> -->"
Arraial,"SERVENTIA EXTRAJUDICIAL DO OFÍCIO ÚNICO DE ARRAIAL","Anexada provisoriamente à Serventia Extrajudicial do Ofício Único de Francisco Ayres","(86) 99556-1511",Arraial,"
											<svg class=""svg-inline--fa fa-eye fa-w-18"" aria-hidden=""true"" focusable=""false"" data-prefix=""far"" data-icon=""eye"" role=""img"" xmlns=""http://www.w3.org/2000/svg"" viewBox=""0 0 576 512"" data-fa-i2svg=""""><path fill=""currentColor"" d=""M288 144a110.94 110.94 0 0 0-31.24 5 55.4 55.4 0 0 1 7.24 27 56 56 0 0 1-56 56 55.4 55.4 0 0 1-27-7.24A111.71 111.71 0 1 0 288 144zm284.52 97.4C518.29 135.59 410.93 64 288 64S57.68 135.64 3.48 241.41a32.35 32.35 0 0 0 0 29.19C57.71 376.41 165.07 448 288 448s230.32-71.64 284.52-177.41a32.35 32.35 0 0 0 0-29.19zM288 400c-98.65 0-189.09-55-237.93-144C98.91 167 189.34 112 288 112s189.09 55 237.93 144C477.1 345 386.66 400 288 400z""></path></svg><!-- <i class=""fa fa-eye""></i> -->"
Uruçuí,"2ª SERVENTIA EXTRAJUDICIAL DE TABELIONATO DE URUÇUÍ",,,,"
											<svg class=""svg-inline--fa fa-eye fa-w-18"" aria-hidden=""true"" focusable=""false"" data-prefix=""far"" data-icon=""eye"" role=""img"" xmlns=""http://www.w3.org/2000/svg"" viewBox=""0 0 576 512"" data-fa-i2svg=""""><path fill=""currentColor"" d=""M288 144a110.94 110.94 0 0 0-31.24 5 55.4 55.4 0 0 1 7.24 27 56 56 0 0 1-56 56 55.4 55.4 0 0 1-27-7.24A111.71 111.71 0 1 0 288 144zm284.52 97.4C518.29 135.59 410.93 64 288 64S57.68 135.64 3.48 241.41a32.35 32.35 0 0 0 0 29.19C57.71 376.41 165.07 448 288 448s230.32-71.64 284.52-177.41a32.35 32.35 0 0 0 0-29.19zM288 400c-98.65 0-189.09-55-237.93-144C98.91 167 189.34 112 288 112s189.09 55 237.93 144C477.1 345 386.66 400 288 400z""></path></svg><!-- <i class=""fa fa-eye""></i> -->"
Floriano,"1ª SERVENTIA EXTRAJUDICIAL DE REGISTRO DE IMÓVEIS, REGISTRO DE TÍTULOS E DOCUMENTOS E CIVIL DAS PESSOAS JURÍDICAS E REGISTRO CIVIL DAS PESSOAS NATURAIS E DE INTERDIÇÕES E TUTELAS DE FLORIANO - 1ª ZONA","Rua Fernando Marques, nº 676, CEP 64.800-066 Centro","(89) 99928-7970 / (89) 99919-2564",Floriano,"
											<svg class=""svg-inline--fa fa-eye fa-w-18"" aria-hidden=""true"" focusable=""false"" data-prefix=""far"" data-icon=""eye"" role=""img"" xmlns=""http://www.w3.org/2000/svg"" viewBox=""0 0 576 512"" data-fa-i2svg=""""><path fill=""currentColor"" d=""M288 144a110.94 110.94 0 0 0-31.24 5 55.4 55.4 0 0 1 7.24 27 56 56 0 0 1-56 56 55.4 55.4 0 0 1-27-7.24A111.71 111.71 0 1 0 288 144zm284.52 97.4C518.29 135.59 410.93 64 288 64S57.68 135.64 3.48 241.41a32.35 32.35 0 0 0 0 29.19C57.71 376.41 165.07 448 288 448s230.32-71.64 284.52-177.41a32.35 32.35 0 0 0 0-29.19zM288 400c-98.65 0-189.09-55-237.93-144C98.91 167 189.34 112 288 112s189.09 55 237.93 144C477.1 345 386.66 400 288 400z""></path></svg><!-- <i class=""fa fa-eye""></i> -->"
Aroazes,"SERVENTIA EXTRAJUDICIAL DO OFÍCIO ÚNICO DE AROAZES","Av. Coronel Aníbal Martins, s/n , CEP 64.310-000 Centro","(89) 98125-3060",Aroazes,"
											<svg class=""svg-inline--fa fa-eye fa-w-18"" aria-hidden=""true"" focusable=""false"" data-prefix=""far"" data-icon=""eye"" role=""img"" xmlns=""http://www.w3.org/2000/svg"" viewBox=""0 0 576 512"" data-fa-i2svg=""""><path fill=""currentColor"" d=""M288 144a110.94 110.94 0 0 0-31.24 5 55.4 55.4 0 0 1 7.24 27 56 56 0 0 1-56 56 55.4 55.4 0 0 1-27-7.24A111.71 111.71 0 1 0 288 144zm284.52 97.4C518.29 135.59 410.93 64 288 64S57.68 135.64 3.48 241.41a32.35 32.35 0 0 0 0 29.19C57.71 376.41 165.07 448 288 448s230.32-71.64 284.52-177.41a32.35 32.35 0 0 0 0-29.19zM288 400c-98.65 0-189.09-55-237.93-144C98.91 167 189.34 112 288 112s189.09 55 237.93 144C477.1 345 386.66 400 288 400z""></path></svg><!-- <i class=""fa fa-eye""></i> -->"
"Alagoinha do Piauí","SERVENTIA EXTRAJUDICIAL DO OFÍCIO ÚNICO DE ALAGOINHA DO PIAUÍ","Rua Sérgio Fialho, nº 259, CEP 64.655-000 Centro","(89) 98128-8959","Alagoinha do Piauí","
											<svg class=""svg-inline--fa fa-eye fa-w-18"" aria-hidden=""true"" focusable=""false"" data-prefix=""far"" data-icon=""eye"" role=""img"" xmlns=""http://www.w3.org/2000/svg"" viewBox=""0 0 576 512"" data-fa-i2svg=""""><path fill=""currentColor"" d=""M288 144a110.94 110.94 0 0 0-31.24 5 55.4 55.4 0 0 1 7.24 27 56 56 0 0 1-56 56 55.4 55.4 0 0 1-27-7.24A111.71 111.71 0 1 0 288 144zm284.52 97.4C518.29 135.59 410.93 64 288 64S57.68 135.64 3.48 241.41a32.35 32.35 0 0 0 0 29.19C57.71 376.41 165.07 448 288 448s230.32-71.64 284.52-177.41a32.35 32.35 0 0 0 0-29.19zM288 400c-98.65 0-189.09-55-237.93-144C98.91 167 189.34 112 288 112s189.09 55 237.93 144C477.1 345 386.66 400 288 400z""></path></svg><!-- <i class=""fa fa-eye""></i> -->"
"Rio Grande do Piauí","SERVENTIA EXTRAJUDICIAL DO OFÍCIO ÚNICO DE RIO GRANDE DO PIAUÍ","Avenida Getúlio Vargas, s/n, CEP 64.835-000 Centro","(89) 99410-3282 / (89) 99460-6727","Rio Grande do Piauí, Pavussú","
											<svg class=""svg-inline--fa fa-eye fa-w-18"" aria-hidden=""true"" focusable=""false"" data-prefix=""far"" data-icon=""eye"" role=""img"" xmlns=""http://www.w3.org/2000/svg"" viewBox=""0 0 576 512"" data-fa-i2svg=""""><path fill=""currentColor"" d=""M288 144a110.94 110.94 0 0 0-31.24 5 55.4 55.4 0 0 1 7.24 27 56 56 0 0 1-56 56 55.4 55.4 0 0 1-27-7.24A111.71 111.71 0 1 0 288 144zm284.52 97.4C518.29 135.59 410.93 64 288 64S57.68 135.64 3.48 241.41a32.35 32.35 0 0 0 0 29.19C57.71 376.41 165.07 448 288 448s230.32-71.64 284.52-177.41a32.35 32.35 0 0 0 0-29.19zM288 400c-98.65 0-189.09-55-237.93-144C98.91 167 189.34 112 288 112s189.09 55 237.93 144C477.1 345 386.66 400 288 400z""></path></svg><!-- <i class=""fa fa-eye""></i> -->"
Beneditinos,"SERVENTIA EXTRAJUDICIAL DO OFÍCIO ÚNICO DE BENEDITINOS","Avenida Presidente Vargas, nº 484, CEP 64380-000 Centro","(86) 99430-2256",Beneditinos,"
											<svg class=""svg-inline--fa fa-eye fa-w-18"" aria-hidden=""true"" focusable=""false"" data-prefix=""far"" data-icon=""eye"" role=""img"" xmlns=""http://www.w3.org/2000/svg"" viewBox=""0 0 576 512"" data-fa-i2svg=""""><path fill=""currentColor"" d=""M288 144a110.94 110.94 0 0 0-31.24 5 55.4 55.4 0 0 1 7.24 27 56 56 0 0 1-56 56 55.4 55.4 0 0 1-27-7.24A111.71 111.71 0 1 0 288 144zm284.52 97.4C518.29 135.59 410.93 64 288 64S57.68 135.64 3.48 241.41a32.35 32.35 0 0 0 0 29.19C57.71 376.41 165.07 448 288 448s230.32-71.64 284.52-177.41a32.35 32.35 0 0 0 0-29.19zM288 400c-98.65 0-189.09-55-237.93-144C98.91 167 189.34 112 288 112s189.09 55 237.93 144C477.1 345 386.66 400 288 400z""></path></svg><!-- <i class=""fa fa-eye""></i> -->"
Palmeirais,"SERVENTIA EXTRAJUDICIAL DO OFÍCIO ÚNICO DE PALMEIRAIS","Avenida Venâncio Borges, Nº 489, CEP 64.420-000 Centro","(86) 99566-6825",Palmeirais,"
											<svg class=""svg-inline--fa fa-eye fa-w-18"" aria-hidden=""true"" focusable=""false"" data-prefix=""far"" data-icon=""eye"" role=""img"" xmlns=""http://www.w3.org/2000/svg"" viewBox=""0 0 576 512"" data-fa-i2svg=""""><path fill=""currentColor"" d=""M288 144a110.94 110.94 0 0 0-31.24 5 55.4 55.4 0 0 1 7.24 27 56 56 0 0 1-56 56 55.4 55.4 0 0 1-27-7.24A111.71 111.71 0 1 0 288 144zm284.52 97.4C518.29 135.59 410.93 64 288 64S57.68 135.64 3.48 241.41a32.35 32.35 0 0 0 0 29.19C57.71 376.41 165.07 448 288 448s230.32-71.64 284.52-177.41a32.35 32.35 0 0 0 0-29.19zM288 400c-98.65 0-189.09-55-237.93-144C98.91 167 189.34 112 288 112s189.09 55 237.93 144C477.1 345 386.66 400 288 400z""></path></svg><!-- <i class=""fa fa-eye""></i> -->"
"Prata do Piauí","SERVENTIA EXTRAJUDICIAL DO OFÍCIO ÚNICO DE PRATA DO PIAUÍ","Rua Praxedes Campelo, nº 35, CEP: 64.370-000 Centro","(86) 98176-9008","Prata do Piauí","
											<svg class=""svg-inline--fa fa-eye fa-w-18"" aria-hidden=""true"" focusable=""false"" data-prefix=""far"" data-icon=""eye"" role=""img"" xmlns=""http://www.w3.org/2000/svg"" viewBox=""0 0 576 512"" data-fa-i2svg=""""><path fill=""currentColor"" d=""M288 144a110.94 110.94 0 0 0-31.24 5 55.4 55.4 0 0 1 7.24 27 56 56 0 0 1-56 56 55.4 55.4 0 0 1-27-7.24A111.71 111.71 0 1 0 288 144zm284.52 97.4C518.29 135.59 410.93 64 288 64S57.68 135.64 3.48 241.41a32.35 32.35 0 0 0 0 29.19C57.71 376.41 165.07 448 288 448s230.32-71.64 284.52-177.41a32.35 32.35 0 0 0 0-29.19zM288 400c-98.65 0-189.09-55-237.93-144C98.91 167 189.34 112 288 112s189.09 55 237.93 144C477.1 345 386.66 400 288 400z""></path></svg><!-- <i class=""fa fa-eye""></i> -->"
Teresina,"6ª SERVENTIA EXTRAJUDICIAL DE NOTAS DE TERESINA","Avenida João XXIII, nº 2.829, CEP 64.051-005 São Cristóvão","(86) 98897-5425 / (86) 99958-3563","Teresina, Nazária","
											<svg class=""svg-inline--fa fa-eye fa-w-18"" aria-hidden=""true"" focusable=""false"" data-prefix=""far"" data-icon=""eye"" role=""img"" xmlns=""http://www.w3.org/2000/svg"" viewBox=""0 0 576 512"" data-fa-i2svg=""""><path fill=""currentColor"" d=""M288 144a110.94 110.94 0 0 0-31.24 5 55.4 55.4 0 0 1 7.24 27 56 56 0 0 1-56 56 55.4 55.4 0 0 1-27-7.24A111.71 111.71 0 1 0 288 144zm284.52 97.4C518.29 135.59 410.93 64 288 64S57.68 135.64 3.48 241.41a32.35 32.35 0 0 0 0 29.19C57.71 376.41 165.07 448 288 448s230.32-71.64 284.52-177.41a32.35 32.35 0 0 0 0-29.19zM288 400c-98.65 0-189.09-55-237.93-144C98.91 167 189.34 112 288 112s189.09 55 237.93 144C477.1 345 386.66 400 288 400z""></path></svg><!-- <i class=""fa fa-eye""></i> -->"
"Elesbão Veloso","SERVENTIA EXTRAJUDICIAL DO OFÍCIO ÚNICO DE ELESBÃO VELOSO","Rua 13 de Maio, nº 241, CEP 64.325-000 Centro","(86) 3285-1096 / (86)99930-0868","Elesbão Veloso, Várzea Grande, Barra D‘Alcântara, Tanque do Piauí, Francinópolis","
											<svg class=""svg-inline--fa fa-eye fa-w-18"" aria-hidden=""true"" focusable=""false"" data-prefix=""far"" data-icon=""eye"" role=""img"" xmlns=""http://www.w3.org/2000/svg"" viewBox=""0 0 576 512"" data-fa-i2svg=""""><path fill=""currentColor"" d=""M288 144a110.94 110.94 0 0 0-31.24 5 55.4 55.4 0 0 1 7.24 27 56 56 0 0 1-56 56 55.4 55.4 0 0 1-27-7.24A111.71 111.71 0 1 0 288 144zm284.52 97.4C518.29 135.59 410.93 64 288 64S57.68 135.64 3.48 241.41a32.35 32.35 0 0 0 0 29.19C57.71 376.41 165.07 448 288 448s230.32-71.64 284.52-177.41a32.35 32.35 0 0 0 0-29.19zM288 400c-98.65 0-189.09-55-237.93-144C98.91 167 189.34 112 288 112s189.09 55 237.93 144C477.1 345 386.66 400 288 400z""></path></svg><!-- <i class=""fa fa-eye""></i> -->"
"Baixa Grande do Ribeiro","SERVENTIA EXTRAJUDICIAL DO OFÍCIO ÚNICO DE BAIXA GRANDE DO RIBEIRO","Avenida  Ari Rocha, nº 4462, CEP 64.868-000 De Fátima","(89) 99925-5345","Baixa Grande do Ribeiro","
											<svg class=""svg-inline--fa fa-eye fa-w-18"" aria-hidden=""true"" focusable=""false"" data-prefix=""far"" data-icon=""eye"" role=""img"" xmlns=""http://www.w3.org/2000/svg"" viewBox=""0 0 576 512"" data-fa-i2svg=""""><path fill=""currentColor"" d=""M288 144a110.94 110.94 0 0 0-31.24 5 55.4 55.4 0 0 1 7.24 27 56 56 0 0 1-56 56 55.4 55.4 0 0 1-27-7.24A111.71 111.71 0 1 0 288 144zm284.52 97.4C518.29 135.59 410.93 64 288 64S57.68 135.64 3.48 241.41a32.35 32.35 0 0 0 0 29.19C57.71 376.41 165.07 448 288 448s230.32-71.64 284.52-177.41a32.35 32.35 0 0 0 0-29.19zM288 400c-98.65 0-189.09-55-237.93-144C98.91 167 189.34 112 288 112s189.09 55 237.93 144C477.1 345 386.66 400 288 400z""></path></svg><!-- <i class=""fa fa-eye""></i> -->"
"Barreiras do Piauí","SERVENTIA EXTRAJUDICIAL DO OFÍCIO ÚNICO DE BARREIRAS DO PIAUÍ","Rua Etelvina Castelo Branco, nº 152, CEP 64.990-000 Centro","(89) 98105-2847","Barreiras do Piauí","
											<svg class=""svg-inline--fa fa-eye fa-w-18"" aria-hidden=""true"" focusable=""false"" data-prefix=""far"" data-icon=""eye"" role=""img"" xmlns=""http://www.w3.org/2000/svg"" viewBox=""0 0 576 512"" data-fa-i2svg=""""><path fill=""currentColor"" d=""M288 144a110.94 110.94 0 0 0-31.24 5 55.4 55.4 0 0 1 7.24 27 56 56 0 0 1-56 56 55.4 55.4 0 0 1-27-7.24A111.71 111.71 0 1 0 288 144zm284.52 97.4C518.29 135.59 410.93 64 288 64S57.68 135.64 3.48 241.41a32.35 32.35 0 0 0 0 29.19C57.71 376.41 165.07 448 288 448s230.32-71.64 284.52-177.41a32.35 32.35 0 0 0 0-29.19zM288 400c-98.65 0-189.09-55-237.93-144C98.91 167 189.34 112 288 112s189.09 55 237.93 144C477.1 345 386.66 400 288 400z""></path></svg><!-- <i class=""fa fa-eye""></i> -->"
"Novo Oriente do Piauí","SERVENTIA EXTRAJUDICIAL DO OFÍCIO ÚNICO DE NOVO ORIENTE DO PIAUÍ","Rua 14 de outubro, nº 153, CEP 64.530-000 Centro","(89) 3475-1368 / (89) 99921-8995","Novo Oriente do Piauí","
											<svg class=""svg-inline--fa fa-eye fa-w-18"" aria-hidden=""true"" focusable=""false"" data-prefix=""far"" data-icon=""eye"" role=""img"" xmlns=""http://www.w3.org/2000/svg"" viewBox=""0 0 576 512"" data-fa-i2svg=""""><path fill=""currentColor"" d=""M288 144a110.94 110.94 0 0 0-31.24 5 55.4 55.4 0 0 1 7.24 27 56 56 0 0 1-56 56 55.4 55.4 0 0 1-27-7.24A111.71 111.71 0 1 0 288 144zm284.52 97.4C518.29 135.59 410.93 64 288 64S57.68 135.64 3.48 241.41a32.35 32.35 0 0 0 0 29.19C57.71 376.41 165.07 448 288 448s230.32-71.64 284.52-177.41a32.35 32.35 0 0 0 0-29.19zM288 400c-98.65 0-189.09-55-237.93-144C98.91 167 189.34 112 288 112s189.09 55 237.93 144C477.1 345 386.66 400 288 400z""></path></svg><!-- <i class=""fa fa-eye""></i> -->"
"São João da Fronteira","SERVENTIA EXTRAJUDICIAL DO OFÍCIO ÚNICO DE SÃO JOÃO DA FRONTEIRA","Rua Sete de Outubro, nº 210, CEP 64.243-000 Centro",,"São João da Fronteira","
											<svg class=""svg-inline--fa fa-eye fa-w-18"" aria-hidden=""true"" focusable=""false"" data-prefix=""far"" data-icon=""eye"" role=""img"" xmlns=""http://www.w3.org/2000/svg"" viewBox=""0 0 576 512"" data-fa-i2svg=""""><path fill=""currentColor"" d=""M288 144a110.94 110.94 0 0 0-31.24 5 55.4 55.4 0 0 1 7.24 27 56 56 0 0 1-56 56 55.4 55.4 0 0 1-27-7.24A111.71 111.71 0 1 0 288 144zm284.52 97.4C518.29 135.59 410.93 64 288 64S57.68 135.64 3.48 241.41a32.35 32.35 0 0 0 0 29.19C57.71 376.41 165.07 448 288 448s230.32-71.64 284.52-177.41a32.35 32.35 0 0 0 0-29.19zM288 400c-98.65 0-189.09-55-237.93-144C98.91 167 189.34 112 288 112s189.09 55 237.93 144C477.1 345 386.66 400 288 400z""></path></svg><!-- <i class=""fa fa-eye""></i> -->"
"Antônio Almeida","SERVENTIA EXTRAJUDICIAL DO OFÍCIO ÚNICO DE ANTÔNIO ALMEIDA","Rua Getúlio Vargas, nº 235, CEP 64855-000 Centro","(89) 99410-5852","Antônio Almeida, Porto Alegre","
											<svg class=""svg-inline--fa fa-eye fa-w-18"" aria-hidden=""true"" focusable=""false"" data-prefix=""far"" data-icon=""eye"" role=""img"" xmlns=""http://www.w3.org/2000/svg"" viewBox=""0 0 576 512"" data-fa-i2svg=""""><path fill=""currentColor"" d=""M288 144a110.94 110.94 0 0 0-31.24 5 55.4 55.4 0 0 1 7.24 27 56 56 0 0 1-56 56 55.4 55.4 0 0 1-27-7.24A111.71 111.71 0 1 0 288 144zm284.52 97.4C518.29 135.59 410.93 64 288 64S57.68 135.64 3.48 241.41a32.35 32.35 0 0 0 0 29.19C57.71 376.41 165.07 448 288 448s230.32-71.64 284.52-177.41a32.35 32.35 0 0 0 0-29.19zM288 400c-98.65 0-189.09-55-237.93-144C98.91 167 189.34 112 288 112s189.09 55 237.93 144C477.1 345 386.66 400 288 400z""></path></svg><!-- <i class=""fa fa-eye""></i> -->"
Floriano,"4ª SERVENTIA EXTRAJUDICIAL DE REGISTRO DE IMÓVEIS, REGISTRO DE TÍTULOS E DOCUMENTOS E CIVIL DAS PESSOAS JURÍDICAS E REGISTRO CIVIL DAS PESSOAS NATURAIS E DE INTERDIÇÕES E TUTELAS DE FLORIANO - 2ª ZONA","Avenida Eurípedes de Aguiar, 547, CEP 64.800-074 Centro","(89) 99473-6207 / (89) 99472-2282 / (89) 99411-5061",Floriano,"
											<svg class=""svg-inline--fa fa-eye fa-w-18"" aria-hidden=""true"" focusable=""false"" data-prefix=""far"" data-icon=""eye"" role=""img"" xmlns=""http://www.w3.org/2000/svg"" viewBox=""0 0 576 512"" data-fa-i2svg=""""><path fill=""currentColor"" d=""M288 144a110.94 110.94 0 0 0-31.24 5 55.4 55.4 0 0 1 7.24 27 56 56 0 0 1-56 56 55.4 55.4 0 0 1-27-7.24A111.71 111.71 0 1 0 288 144zm284.52 97.4C518.29 135.59 410.93 64 288 64S57.68 135.64 3.48 241.41a32.35 32.35 0 0 0 0 29.19C57.71 376.41 165.07 448 288 448s230.32-71.64 284.52-177.41a32.35 32.35 0 0 0 0-29.19zM288 400c-98.65 0-189.09-55-237.93-144C98.91 167 189.34 112 288 112s189.09 55 237.93 144C477.1 345 386.66 400 288 400z""></path></svg><!-- <i class=""fa fa-eye""></i> -->"
Floriano,"2ª SERVENTIA EXTRAJUDICIAL DE TABELIONATO DE NOTAS E PROTESTO DE TÍTULOS DE FLORIANO","Rua Fernando Marques, nº 819, CEP 64.800-066 Centro","(89) 3522-2527",Floriano,"
											<svg class=""svg-inline--fa fa-eye fa-w-18"" aria-hidden=""true"" focusable=""false"" data-prefix=""far"" data-icon=""eye"" role=""img"" xmlns=""http://www.w3.org/2000/svg"" viewBox=""0 0 576 512"" data-fa-i2svg=""""><path fill=""currentColor"" d=""M288 144a110.94 110.94 0 0 0-31.24 5 55.4 55.4 0 0 1 7.24 27 56 56 0 0 1-56 56 55.4 55.4 0 0 1-27-7.24A111.71 111.71 0 1 0 288 144zm284.52 97.4C518.29 135.59 410.93 64 288 64S57.68 135.64 3.48 241.41a32.35 32.35 0 0 0 0 29.19C57.71 376.41 165.07 448 288 448s230.32-71.64 284.52-177.41a32.35 32.35 0 0 0 0-29.19zM288 400c-98.65 0-189.09-55-237.93-144C98.91 167 189.34 112 288 112s189.09 55 237.93 144C477.1 345 386.66 400 288 400z""></path></svg><!-- <i class=""fa fa-eye""></i> -->"
Floriano,"3ª SERVENTIA EXTRAJUDICIAL DE TABELIONATO DE NOTAS E PROTESTO DE TÍTULOS DE FLORIANO","Rua São Pedro, nº 154, CEP 64.800-056 Centro","(89) 3522-1825",Floriano,"
											<svg class=""svg-inline--fa fa-eye fa-w-18"" aria-hidden=""true"" focusable=""false"" data-prefix=""far"" data-icon=""eye"" role=""img"" xmlns=""http://www.w3.org/2000/svg"" viewBox=""0 0 576 512"" data-fa-i2svg=""""><path fill=""currentColor"" d=""M288 144a110.94 110.94 0 0 0-31.24 5 55.4 55.4 0 0 1 7.24 27 56 56 0 0 1-56 56 55.4 55.4 0 0 1-27-7.24A111.71 111.71 0 1 0 288 144zm284.52 97.4C518.29 135.59 410.93 64 288 64S57.68 135.64 3.48 241.41a32.35 32.35 0 0 0 0 29.19C57.71 376.41 165.07 448 288 448s230.32-71.64 284.52-177.41a32.35 32.35 0 0 0 0-29.19zM288 400c-98.65 0-189.09-55-237.93-144C98.91 167 189.34 112 288 112s189.09 55 237.93 144C477.1 345 386.66 400 288 400z""></path></svg><!-- <i class=""fa fa-eye""></i> -->"
Bertolínia,"2ª SERVENTIA EXTRAJUDICIAL DE BERTOLÍNIA","Avenida Presidente Médice, nº 115, CEP 64.870-000 Centro","(89) 3546-1302 / (89) 99402-1339","Bertolínia, Sebastião Leal","
											<svg class=""svg-inline--fa fa-eye fa-w-18"" aria-hidden=""true"" focusable=""false"" data-prefix=""far"" data-icon=""eye"" role=""img"" xmlns=""http://www.w3.org/2000/svg"" viewBox=""0 0 576 512"" data-fa-i2svg=""""><path fill=""currentColor"" d=""M288 144a110.94 110.94 0 0 0-31.24 5 55.4 55.4 0 0 1 7.24 27 56 56 0 0 1-56 56 55.4 55.4 0 0 1-27-7.24A111.71 111.71 0 1 0 288 144zm284.52 97.4C518.29 135.59 410.93 64 288 64S57.68 135.64 3.48 241.41a32.35 32.35 0 0 0 0 29.19C57.71 376.41 165.07 448 288 448s230.32-71.64 284.52-177.41a32.35 32.35 0 0 0 0-29.19zM288 400c-98.65 0-189.09-55-237.93-144C98.91 167 189.34 112 288 112s189.09 55 237.93 144C477.1 345 386.66 400 288 400z""></path></svg><!-- <i class=""fa fa-eye""></i> -->"
Piracuruca,"1ª SERVENTIA EXTRAJUDICIAL DE REGISTRO GERAL DE PIRACURUCA","Rua Rui Barbosa, nº 260, CEP 64.240-000 Centro","(86) 99998-4575 / (86) 99482-1717","Piracuruca, São João da Fronteira, São José do Divino","
											<svg class=""svg-inline--fa fa-eye fa-w-18"" aria-hidden=""true"" focusable=""false"" data-prefix=""far"" data-icon=""eye"" role=""img"" xmlns=""http://www.w3.org/2000/svg"" viewBox=""0 0 576 512"" data-fa-i2svg=""""><path fill=""currentColor"" d=""M288 144a110.94 110.94 0 0 0-31.24 5 55.4 55.4 0 0 1 7.24 27 56 56 0 0 1-56 56 55.4 55.4 0 0 1-27-7.24A111.71 111.71 0 1 0 288 144zm284.52 97.4C518.29 135.59 410.93 64 288 64S57.68 135.64 3.48 241.41a32.35 32.35 0 0 0 0 29.19C57.71 376.41 165.07 448 288 448s230.32-71.64 284.52-177.41a32.35 32.35 0 0 0 0-29.19zM288 400c-98.65 0-189.09-55-237.93-144C98.91 167 189.34 112 288 112s189.09 55 237.93 144C477.1 345 386.66 400 288 400z""></path></svg><!-- <i class=""fa fa-eye""></i> -->"
"Água Branca","1ª SERVENTIA EXTRAJUDICIAL DE REGISTRO GERAL DE ÁGUA BRANCA","Avenida João Ferreira, nº 580, Sala 'A', CEP 64.460-000  Centro","(86) 99952-8983 / (86) 99877-7946","Água Branca, Lagoinha do Piauí, Hugo Napoleão","
											<svg class=""svg-inline--fa fa-eye fa-w-18"" aria-hidden=""true"" focusable=""false"" data-prefix=""far"" data-icon=""eye"" role=""img"" xmlns=""http://www.w3.org/2000/svg"" viewBox=""0 0 576 512"" data-fa-i2svg=""""><path fill=""currentColor"" d=""M288 144a110.94 110.94 0 0 0-31.24 5 55.4 55.4 0 0 1 7.24 27 56 56 0 0 1-56 56 55.4 55.4 0 0 1-27-7.24A111.71 111.71 0 1 0 288 144zm284.52 97.4C518.29 135.59 410.93 64 288 64S57.68 135.64 3.48 241.41a32.35 32.35 0 0 0 0 29.19C57.71 376.41 165.07 448 288 448s230.32-71.64 284.52-177.41a32.35 32.35 0 0 0 0-29.19zM288 400c-98.65 0-189.09-55-237.93-144C98.91 167 189.34 112 288 112s189.09 55 237.93 144C477.1 345 386.66 400 288 400z""></path></svg><!-- <i class=""fa fa-eye""></i> -->"
Parnaíba,"1ª SERVENTIA EXTRAJUDICIAL DE REGISTRO DE IMÓVEIS, REGISTRO DE TÍTULOS E DOCUMENTOS E CIVIL DAS PESSOAS JURÍDICAS E REGISTRO CIVIL DAS PESSOAS NATURAIS E DE INTERDIÇÕES E TUTELAS DE PARNAÍBA - 1ª ZONA","Rua Marques do Herval, nº 528, CEP 64.200-340 Centro","(86) 3322-2481 / (86) 99959-1514","Parnaíba, Ilha Grande","
											<svg class=""svg-inline--fa fa-eye fa-w-18"" aria-hidden=""true"" focusable=""false"" data-prefix=""far"" data-icon=""eye"" role=""img"" xmlns=""http://www.w3.org/2000/svg"" viewBox=""0 0 576 512"" data-fa-i2svg=""""><path fill=""currentColor"" d=""M288 144a110.94 110.94 0 0 0-31.24 5 55.4 55.4 0 0 1 7.24 27 56 56 0 0 1-56 56 55.4 55.4 0 0 1-27-7.24A111.71 111.71 0 1 0 288 144zm284.52 97.4C518.29 135.59 410.93 64 288 64S57.68 135.64 3.48 241.41a32.35 32.35 0 0 0 0 29.19C57.71 376.41 165.07 448 288 448s230.32-71.64 284.52-177.41a32.35 32.35 0 0 0 0-29.19zM288 400c-98.65 0-189.09-55-237.93-144C98.91 167 189.34 112 288 112s189.09 55 237.93 144C477.1 345 386.66 400 288 400z""></path></svg><!-- <i class=""fa fa-eye""></i> -->"
"Miguel Leão","SERVENTIA EXTRAJUDICIAL DO OFÍCIO ÚNICO DE MIGUEL LEÃO","Rua Bandico, nº 18, CEP 64.445-000 Centro","(86) 99829-2999 / (86) 99841-9487","Miguel Leão","
											<svg class=""svg-inline--fa fa-eye fa-w-18"" aria-hidden=""true"" focusable=""false"" data-prefix=""far"" data-icon=""eye"" role=""img"" xmlns=""http://www.w3.org/2000/svg"" viewBox=""0 0 576 512"" data-fa-i2svg=""""><path fill=""currentColor"" d=""M288 144a110.94 110.94 0 0 0-31.24 5 55.4 55.4 0 0 1 7.24 27 56 56 0 0 1-56 56 55.4 55.4 0 0 1-27-7.24A111.71 111.71 0 1 0 288 144zm284.52 97.4C518.29 135.59 410.93 64 288 64S57.68 135.64 3.48 241.41a32.35 32.35 0 0 0 0 29.19C57.71 376.41 165.07 448 288 448s230.32-71.64 284.52-177.41a32.35 32.35 0 0 0 0-29.19zM288 400c-98.65 0-189.09-55-237.93-144C98.91 167 189.34 112 288 112s189.09 55 237.93 144C477.1 345 386.66 400 288 400z""></path></svg><!-- <i class=""fa fa-eye""></i> -->"
Parnaíba,"3ª SERVENTIA EXTRAJUDICIAL DE TABELIONATO DE NOTAS E PROTESTO DE TÍTULOS DE PARNAÍBA","Rua Marquês do Herval, nº 562, CEP 64.200-340 Centro","(86) 3323-7290 / (86) 99417-2121","Parnaíba, Ilha Grande","
											<svg class=""svg-inline--fa fa-eye fa-w-18"" aria-hidden=""true"" focusable=""false"" data-prefix=""far"" data-icon=""eye"" role=""img"" xmlns=""http://www.w3.org/2000/svg"" viewBox=""0 0 576 512"" data-fa-i2svg=""""><path fill=""currentColor"" d=""M288 144a110.94 110.94 0 0 0-31.24 5 55.4 55.4 0 0 1 7.24 27 56 56 0 0 1-56 56 55.4 55.4 0 0 1-27-7.24A111.71 111.71 0 1 0 288 144zm284.52 97.4C518.29 135.59 410.93 64 288 64S57.68 135.64 3.48 241.41a32.35 32.35 0 0 0 0 29.19C57.71 376.41 165.07 448 288 448s230.32-71.64 284.52-177.41a32.35 32.35 0 0 0 0-29.19zM288 400c-98.65 0-189.09-55-237.93-144C98.91 167 189.34 112 288 112s189.09 55 237.93 144C477.1 345 386.66 400 288 400z""></path></svg><!-- <i class=""fa fa-eye""></i> -->"
"Santa Luz","SERVENTIA EXTRAJUDICIAL DO OFÍCIO ÚNICO DE SANTA LUZ","Rua Inocêncio de Aquino, nº 832-A, CEP 64.910-000 Centro","(89) 98106-6870 / (81) 99996-4702","Santa Luz","
											<svg class=""svg-inline--fa fa-eye fa-w-18"" aria-hidden=""true"" focusable=""false"" data-prefix=""far"" data-icon=""eye"" role=""img"" xmlns=""http://www.w3.org/2000/svg"" viewBox=""0 0 576 512"" data-fa-i2svg=""""><path fill=""currentColor"" d=""M288 144a110.94 110.94 0 0 0-31.24 5 55.4 55.4 0 0 1 7.24 27 56 56 0 0 1-56 56 55.4 55.4 0 0 1-27-7.24A111.71 111.71 0 1 0 288 144zm284.52 97.4C518.29 135.59 410.93 64 288 64S57.68 135.64 3.48 241.41a32.35 32.35 0 0 0 0 29.19C57.71 376.41 165.07 448 288 448s230.32-71.64 284.52-177.41a32.35 32.35 0 0 0 0-29.19zM288 400c-98.65 0-189.09-55-237.93-144C98.91 167 189.34 112 288 112s189.09 55 237.93 144C477.1 345 386.66 400 288 400z""></path></svg><!-- <i class=""fa fa-eye""></i> -->"
"Santo Inácio do Piauí","SERVENTIA EXTRAJUDICIAL DO OFÍCIO ÚNICO DE SANTO INÁCIO DO PIAUÍ","Anexada provisoriamente à Serventia Extrajudicial do Ofício Único de Campinas do Piauí","(89) 99433-6174 / (89) 99445-2630","Santo Inácio do Piauí, Floresta do Piauí","
											<svg class=""svg-inline--fa fa-eye fa-w-18"" aria-hidden=""true"" focusable=""false"" data-prefix=""far"" data-icon=""eye"" role=""img"" xmlns=""http://www.w3.org/2000/svg"" viewBox=""0 0 576 512"" data-fa-i2svg=""""><path fill=""currentColor"" d=""M288 144a110.94 110.94 0 0 0-31.24 5 55.4 55.4 0 0 1 7.24 27 56 56 0 0 1-56 56 55.4 55.4 0 0 1-27-7.24A111.71 111.71 0 1 0 288 144zm284.52 97.4C518.29 135.59 410.93 64 288 64S57.68 135.64 3.48 241.41a32.35 32.35 0 0 0 0 29.19C57.71 376.41 165.07 448 288 448s230.32-71.64 284.52-177.41a32.35 32.35 0 0 0 0-29.19zM288 400c-98.65 0-189.09-55-237.93-144C98.91 167 189.34 112 288 112s189.09 55 237.93 144C477.1 345 386.66 400 288 400z""></path></svg><!-- <i class=""fa fa-eye""></i> -->"
"Socorro do Piauí","SERVENTIA EXTRAJUDICIAL DO OFÍCIO ÚNICO DE SOCORRO DO PIAUÍ","Rua Jesus Mesquita de Moura, nº 276, andar térreo, CEP 64.720-000 Centro","(86) 98881-1393","Socorro do Piauí, Ribeira do Piauí, São Miguel do Fidalgo","
											<svg class=""svg-inline--fa fa-eye fa-w-18"" aria-hidden=""true"" focusable=""false"" data-prefix=""far"" data-icon=""eye"" role=""img"" xmlns=""http://www.w3.org/2000/svg"" viewBox=""0 0 576 512"" data-fa-i2svg=""""><path fill=""currentColor"" d=""M288 144a110.94 110.94 0 0 0-31.24 5 55.4 55.4 0 0 1 7.24 27 56 56 0 0 1-56 56 55.4 55.4 0 0 1-27-7.24A111.71 111.71 0 1 0 288 144zm284.52 97.4C518.29 135.59 410.93 64 288 64S57.68 135.64 3.48 241.41a32.35 32.35 0 0 0 0 29.19C57.71 376.41 165.07 448 288 448s230.32-71.64 284.52-177.41a32.35 32.35 0 0 0 0-29.19zM288 400c-98.65 0-189.09-55-237.93-144C98.91 167 189.34 112 288 112s189.09 55 237.93 144C477.1 345 386.66 400 288 400z""></path></svg><!-- <i class=""fa fa-eye""></i> -->"
Parnaíba,"2ª SERVENTIA EXTRAJUDICIAL DE TABELIONATO DE NOTAS E PROTESTO DE TÍTULOS DE PARNAÍBA","Avenida Presidente Vargas, nº 164, CEP 64.200-200 Centro","(86) 3321-2149","Parnaíba, Ilha Grande","
											<svg class=""svg-inline--fa fa-eye fa-w-18"" aria-hidden=""true"" focusable=""false"" data-prefix=""far"" data-icon=""eye"" role=""img"" xmlns=""http://www.w3.org/2000/svg"" viewBox=""0 0 576 512"" data-fa-i2svg=""""><path fill=""currentColor"" d=""M288 144a110.94 110.94 0 0 0-31.24 5 55.4 55.4 0 0 1 7.24 27 56 56 0 0 1-56 56 55.4 55.4 0 0 1-27-7.24A111.71 111.71 0 1 0 288 144zm284.52 97.4C518.29 135.59 410.93 64 288 64S57.68 135.64 3.48 241.41a32.35 32.35 0 0 0 0 29.19C57.71 376.41 165.07 448 288 448s230.32-71.64 284.52-177.41a32.35 32.35 0 0 0 0-29.19zM288 400c-98.65 0-189.09-55-237.93-144C98.91 167 189.34 112 288 112s189.09 55 237.93 144C477.1 345 386.66 400 288 400z""></path></svg><!-- <i class=""fa fa-eye""></i> -->"
Parnaíba,"1ª SERVENTIA EXTRAJUDICIAL DE REGISTRO CIVIL DAS PESSOAS NATURAIS E DE INTERDIÇÕES E TUTELAS DE PARNAÍBA","Rua Humberto de Campos, nº 926, CEP 64.200-380 Centro/Norte","(86) 3321-2846","Parnaíba, Ilha Grande","
											<svg class=""svg-inline--fa fa-eye fa-w-18"" aria-hidden=""true"" focusable=""false"" data-prefix=""far"" data-icon=""eye"" role=""img"" xmlns=""http://www.w3.org/2000/svg"" viewBox=""0 0 576 512"" data-fa-i2svg=""""><path fill=""currentColor"" d=""M288 144a110.94 110.94 0 0 0-31.24 5 55.4 55.4 0 0 1 7.24 27 56 56 0 0 1-56 56 55.4 55.4 0 0 1-27-7.24A111.71 111.71 0 1 0 288 144zm284.52 97.4C518.29 135.59 410.93 64 288 64S57.68 135.64 3.48 241.41a32.35 32.35 0 0 0 0 29.19C57.71 376.41 165.07 448 288 448s230.32-71.64 284.52-177.41a32.35 32.35 0 0 0 0-29.19zM288 400c-98.65 0-189.09-55-237.93-144C98.91 167 189.34 112 288 112s189.09 55 237.93 144C477.1 345 386.66 400 288 400z""></path></svg><!-- <i class=""fa fa-eye""></i> -->"
Oeiras,"3ª SERVENTIA EXTRAJUDICIAL DE OEIRAS","Rua Miguel Oliveira, nº 119, CEP 64.000-500 Centro","(89) 3462-1413 / (89) 99431-6506","Oeiras, Cajazeiras, Santa Rosa, Colônia do Piauí, São João da Varjota","
											<svg class=""svg-inline--fa fa-eye fa-w-18"" aria-hidden=""true"" focusable=""false"" data-prefix=""far"" data-icon=""eye"" role=""img"" xmlns=""http://www.w3.org/2000/svg"" viewBox=""0 0 576 512"" data-fa-i2svg=""""><path fill=""currentColor"" d=""M288 144a110.94 110.94 0 0 0-31.24 5 55.4 55.4 0 0 1 7.24 27 56 56 0 0 1-56 56 55.4 55.4 0 0 1-27-7.24A111.71 111.71 0 1 0 288 144zm284.52 97.4C518.29 135.59 410.93 64 288 64S57.68 135.64 3.48 241.41a32.35 32.35 0 0 0 0 29.19C57.71 376.41 165.07 448 288 448s230.32-71.64 284.52-177.41a32.35 32.35 0 0 0 0-29.19zM288 400c-98.65 0-189.09-55-237.93-144C98.91 167 189.34 112 288 112s189.09 55 237.93 144C477.1 345 386.66 400 288 400z""></path></svg><!-- <i class=""fa fa-eye""></i> -->"
"Cristalândia do Piauí","SERVENTIA EXTRAJUDICIAL DO OFÍCIO ÚNICO DE CRISTALÂNDIA DO PIAUÍ","Avenida Tancredo Neves, s/n, CEP 64.995-000 Nova República","(89) 3576-1266","Cristalândia do Piauí","
											<svg class=""svg-inline--fa fa-eye fa-w-18"" aria-hidden=""true"" focusable=""false"" data-prefix=""far"" data-icon=""eye"" role=""img"" xmlns=""http://www.w3.org/2000/svg"" viewBox=""0 0 576 512"" data-fa-i2svg=""""><path fill=""currentColor"" d=""M288 144a110.94 110.94 0 0 0-31.24 5 55.4 55.4 0 0 1 7.24 27 56 56 0 0 1-56 56 55.4 55.4 0 0 1-27-7.24A111.71 111.71 0 1 0 288 144zm284.52 97.4C518.29 135.59 410.93 64 288 64S57.68 135.64 3.48 241.41a32.35 32.35 0 0 0 0 29.19C57.71 376.41 165.07 448 288 448s230.32-71.64 284.52-177.41a32.35 32.35 0 0 0 0-29.19zM288 400c-98.65 0-189.09-55-237.93-144C98.91 167 189.34 112 288 112s189.09 55 237.93 144C477.1 345 386.66 400 288 400z""></path></svg><!-- <i class=""fa fa-eye""></i> -->"
Parnaíba,"4ª SERVENTIA EXTRAJUDICIAL DE REGISTRO DE IMÓVEIS, REGISTRO DE TÍTULOS E DOCUMENTOS E CIVIL DAS PESSOAS JURÍDICAS E REGISTRO CIVIL DAS PESSOAS NATURAIS E DE INTERDIÇÕES E TUTELAS DE PARNAÍBA - 2ª ZONA","Rua Duque de Caxias, nº 768, CEP 64.200-215 Centro","(86) 3322-2532",Parnaíba,"
											<svg class=""svg-inline--fa fa-eye fa-w-18"" aria-hidden=""true"" focusable=""false"" data-prefix=""far"" data-icon=""eye"" role=""img"" xmlns=""http://www.w3.org/2000/svg"" viewBox=""0 0 576 512"" data-fa-i2svg=""""><path fill=""currentColor"" d=""M288 144a110.94 110.94 0 0 0-31.24 5 55.4 55.4 0 0 1 7.24 27 56 56 0 0 1-56 56 55.4 55.4 0 0 1-27-7.24A111.71 111.71 0 1 0 288 144zm284.52 97.4C518.29 135.59 410.93 64 288 64S57.68 135.64 3.48 241.41a32.35 32.35 0 0 0 0 29.19C57.71 376.41 165.07 448 288 448s230.32-71.64 284.52-177.41a32.35 32.35 0 0 0 0-29.19zM288 400c-98.65 0-189.09-55-237.93-144C98.91 167 189.34 112 288 112s189.09 55 237.93 144C477.1 345 386.66 400 288 400z""></path></svg><!-- <i class=""fa fa-eye""></i> -->"
"Paes Landim","SERVENTIA EXTRAJUDICIAL DO OFÍCIO ÚNICO DE PAES LANDIM","Travessa São Jose, s/n, CEP 64.710-000 Centro","(89) 99425-1211 / (89) 99984-5659 / (89) 99410-3998 / (89) 99436-7840 / (89) 99418-7672","Paes Landim","
											<svg class=""svg-inline--fa fa-eye fa-w-18"" aria-hidden=""true"" focusable=""false"" data-prefix=""far"" data-icon=""eye"" role=""img"" xmlns=""http://www.w3.org/2000/svg"" viewBox=""0 0 576 512"" data-fa-i2svg=""""><path fill=""currentColor"" d=""M288 144a110.94 110.94 0 0 0-31.24 5 55.4 55.4 0 0 1 7.24 27 56 56 0 0 1-56 56 55.4 55.4 0 0 1-27-7.24A111.71 111.71 0 1 0 288 144zm284.52 97.4C518.29 135.59 410.93 64 288 64S57.68 135.64 3.48 241.41a32.35 32.35 0 0 0 0 29.19C57.71 376.41 165.07 448 288 448s230.32-71.64 284.52-177.41a32.35 32.35 0 0 0 0-29.19zM288 400c-98.65 0-189.09-55-237.93-144C98.91 167 189.34 112 288 112s189.09 55 237.93 144C477.1 345 386.66 400 288 400z""></path></svg><!-- <i class=""fa fa-eye""></i> -->"
"Domingos Mourão","SERVENTIA EXTRAJUDICIAL DO OFÍCIO ÚNICO DE DOMINGOS MOURÃO","Rua Deputado Milton Brandão, nº 194, CEP 64.250-000 Centro","(86) 99488-1554 / (86) 98118-7788","Domingos Mourão","
											<svg class=""svg-inline--fa fa-eye fa-w-18"" aria-hidden=""true"" focusable=""false"" data-prefix=""far"" data-icon=""eye"" role=""img"" xmlns=""http://www.w3.org/2000/svg"" viewBox=""0 0 576 512"" data-fa-i2svg=""""><path fill=""currentColor"" d=""M288 144a110.94 110.94 0 0 0-31.24 5 55.4 55.4 0 0 1 7.24 27 56 56 0 0 1-56 56 55.4 55.4 0 0 1-27-7.24A111.71 111.71 0 1 0 288 144zm284.52 97.4C518.29 135.59 410.93 64 288 64S57.68 135.64 3.48 241.41a32.35 32.35 0 0 0 0 29.19C57.71 376.41 165.07 448 288 448s230.32-71.64 284.52-177.41a32.35 32.35 0 0 0 0-29.19zM288 400c-98.65 0-189.09-55-237.93-144C98.91 167 189.34 112 288 112s189.09 55 237.93 144C477.1 345 386.66 400 288 400z""></path></svg><!-- <i class=""fa fa-eye""></i> -->"
"Santo Antônio de Lisboa","SERVENTIA EXTRAJUDICIAL DO OFÍCIO ÚNICO DE SANTO ANTÔNIO DE LISBOA","Avenida Sete de Setembro, s/n, CEP 64.640-000 Centro","(89) 99406-8832 / (89) 98106-6485","Santo Antônio de Lisboa","
											<svg class=""svg-inline--fa fa-eye fa-w-18"" aria-hidden=""true"" focusable=""false"" data-prefix=""far"" data-icon=""eye"" role=""img"" xmlns=""http://www.w3.org/2000/svg"" viewBox=""0 0 576 512"" data-fa-i2svg=""""><path fill=""currentColor"" d=""M288 144a110.94 110.94 0 0 0-31.24 5 55.4 55.4 0 0 1 7.24 27 56 56 0 0 1-56 56 55.4 55.4 0 0 1-27-7.24A111.71 111.71 0 1 0 288 144zm284.52 97.4C518.29 135.59 410.93 64 288 64S57.68 135.64 3.48 241.41a32.35 32.35 0 0 0 0 29.19C57.71 376.41 165.07 448 288 448s230.32-71.64 284.52-177.41a32.35 32.35 0 0 0 0-29.19zM288 400c-98.65 0-189.09-55-237.93-144C98.91 167 189.34 112 288 112s189.09 55 237.93 144C477.1 345 386.66 400 288 400z""></path></svg><!-- <i class=""fa fa-eye""></i> -->"
Pimenteiras,"SERVENTIA EXTRAJUDICIAL DO OFÍCIO ÚNICO DE PIMENTEIRAS","Rua Vinte e Cinco de Julho, nº 135, CEP 64.320-000 Centro","(89) 3474-1380","Pimenteiras, Lagoa do Sítio","
											<svg class=""svg-inline--fa fa-eye fa-w-18"" aria-hidden=""true"" focusable=""false"" data-prefix=""far"" data-icon=""eye"" role=""img"" xmlns=""http://www.w3.org/2000/svg"" viewBox=""0 0 576 512"" data-fa-i2svg=""""><path fill=""currentColor"" d=""M288 144a110.94 110.94 0 0 0-31.24 5 55.4 55.4 0 0 1 7.24 27 56 56 0 0 1-56 56 55.4 55.4 0 0 1-27-7.24A111.71 111.71 0 1 0 288 144zm284.52 97.4C518.29 135.59 410.93 64 288 64S57.68 135.64 3.48 241.41a32.35 32.35 0 0 0 0 29.19C57.71 376.41 165.07 448 288 448s230.32-71.64 284.52-177.41a32.35 32.35 0 0 0 0-29.19zM288 400c-98.65 0-189.09-55-237.93-144C98.91 167 189.34 112 288 112s189.09 55 237.93 144C477.1 345 386.66 400 288 400z""></path></svg><!-- <i class=""fa fa-eye""></i> -->"
Paulistana,"2ª SERVENTIA EXTRAJUDICIAL DE PAULISTANA","Avenida Miguel Arcanjo Cavalcante, nº 162, CEP 64.750-000 Centro","(89) 3487-1718 / (89) 99455-1044","Paulistana, Acauã, Betânia do Piauí, Jacobina do Piauí, Queimada Nova","
											<svg class=""svg-inline--fa fa-eye fa-w-18"" aria-hidden=""true"" focusable=""false"" data-prefix=""far"" data-icon=""eye"" role=""img"" xmlns=""http://www.w3.org/2000/svg"" viewBox=""0 0 576 512"" data-fa-i2svg=""""><path fill=""currentColor"" d=""M288 144a110.94 110.94 0 0 0-31.24 5 55.4 55.4 0 0 1 7.24 27 56 56 0 0 1-56 56 55.4 55.4 0 0 1-27-7.24A111.71 111.71 0 1 0 288 144zm284.52 97.4C518.29 135.59 410.93 64 288 64S57.68 135.64 3.48 241.41a32.35 32.35 0 0 0 0 29.19C57.71 376.41 165.07 448 288 448s230.32-71.64 284.52-177.41a32.35 32.35 0 0 0 0-29.19zM288 400c-98.65 0-189.09-55-237.93-144C98.91 167 189.34 112 288 112s189.09 55 237.93 144C477.1 345 386.66 400 288 400z""></path></svg><!-- <i class=""fa fa-eye""></i> -->"
"Pedro II","1ª SERVENTIA EXTRAJUDICIAL DE REGISTRO GERAL DE PEDRO II","Rua Domingos Mourão Filho, nº 188, CEP 64.255-000 Centro","(86) 3271-2910 / (86) 99411-1671","Pedro II, Lagoa de São Francisco, Milton Brandão","
											<svg class=""svg-inline--fa fa-eye fa-w-18"" aria-hidden=""true"" focusable=""false"" data-prefix=""far"" data-icon=""eye"" role=""img"" xmlns=""http://www.w3.org/2000/svg"" viewBox=""0 0 576 512"" data-fa-i2svg=""""><path fill=""currentColor"" d=""M288 144a110.94 110.94 0 0 0-31.24 5 55.4 55.4 0 0 1 7.24 27 56 56 0 0 1-56 56 55.4 55.4 0 0 1-27-7.24A111.71 111.71 0 1 0 288 144zm284.52 97.4C518.29 135.59 410.93 64 288 64S57.68 135.64 3.48 241.41a32.35 32.35 0 0 0 0 29.19C57.71 376.41 165.07 448 288 448s230.32-71.64 284.52-177.41a32.35 32.35 0 0 0 0-29.19zM288 400c-98.65 0-189.09-55-237.93-144C98.91 167 189.34 112 288 112s189.09 55 237.93 144C477.1 345 386.66 400 288 400z""></path></svg><!-- <i class=""fa fa-eye""></i> -->"
Curimatá,"SERVENTIA EXTRAJUDICIAL DO OFÍCIO ÚNICO DE CURIMATÁ","Avenida Telésforo Guerra, sn,  CEP 64.960-000 Centro","(89) 98102 9294","Curimatá, Júlio Borges","
											<svg class=""svg-inline--fa fa-eye fa-w-18"" aria-hidden=""true"" focusable=""false"" data-prefix=""far"" data-icon=""eye"" role=""img"" xmlns=""http://www.w3.org/2000/svg"" viewBox=""0 0 576 512"" data-fa-i2svg=""""><path fill=""currentColor"" d=""M288 144a110.94 110.94 0 0 0-31.24 5 55.4 55.4 0 0 1 7.24 27 56 56 0 0 1-56 56 55.4 55.4 0 0 1-27-7.24A111.71 111.71 0 1 0 288 144zm284.52 97.4C518.29 135.59 410.93 64 288 64S57.68 135.64 3.48 241.41a32.35 32.35 0 0 0 0 29.19C57.71 376.41 165.07 448 288 448s230.32-71.64 284.52-177.41a32.35 32.35 0 0 0 0-29.19zM288 400c-98.65 0-189.09-55-237.93-144C98.91 167 189.34 112 288 112s189.09 55 237.93 144C477.1 345 386.66 400 288 400z""></path></svg><!-- <i class=""fa fa-eye""></i> -->"
Porto,"SERVENTIA EXTRAJUDICIAL DO OFÍCIO ÚNICO DE PORTO","Avenida Dirceu Arcoverde, 813, CEP 64.145-000 Centro","(86) 98843-1457","Porto, Campo Largo do Piauí","
											<svg class=""svg-inline--fa fa-eye fa-w-18"" aria-hidden=""true"" focusable=""false"" data-prefix=""far"" data-icon=""eye"" role=""img"" xmlns=""http://www.w3.org/2000/svg"" viewBox=""0 0 576 512"" data-fa-i2svg=""""><path fill=""currentColor"" d=""M288 144a110.94 110.94 0 0 0-31.24 5 55.4 55.4 0 0 1 7.24 27 56 56 0 0 1-56 56 55.4 55.4 0 0 1-27-7.24A111.71 111.71 0 1 0 288 144zm284.52 97.4C518.29 135.59 410.93 64 288 64S57.68 135.64 3.48 241.41a32.35 32.35 0 0 0 0 29.19C57.71 376.41 165.07 448 288 448s230.32-71.64 284.52-177.41a32.35 32.35 0 0 0 0-29.19zM288 400c-98.65 0-189.09-55-237.93-144C98.91 167 189.34 112 288 112s189.09 55 237.93 144C477.1 345 386.66 400 288 400z""></path></svg><!-- <i class=""fa fa-eye""></i> -->"
"Valença do Piauí","1ª SERVENTIA EXTRAJUDICIAL DE REGISTRO GERAL DE VALENÇA DO PIAUÍ",,,,"
											<svg class=""svg-inline--fa fa-eye fa-w-18"" aria-hidden=""true"" focusable=""false"" data-prefix=""far"" data-icon=""eye"" role=""img"" xmlns=""http://www.w3.org/2000/svg"" viewBox=""0 0 576 512"" data-fa-i2svg=""""><path fill=""currentColor"" d=""M288 144a110.94 110.94 0 0 0-31.24 5 55.4 55.4 0 0 1 7.24 27 56 56 0 0 1-56 56 55.4 55.4 0 0 1-27-7.24A111.71 111.71 0 1 0 288 144zm284.52 97.4C518.29 135.59 410.93 64 288 64S57.68 135.64 3.48 241.41a32.35 32.35 0 0 0 0 29.19C57.71 376.41 165.07 448 288 448s230.32-71.64 284.52-177.41a32.35 32.35 0 0 0 0-29.19zM288 400c-98.65 0-189.09-55-237.93-144C98.91 167 189.34 112 288 112s189.09 55 237.93 144C477.1 345 386.66 400 288 400z""></path></svg><!-- <i class=""fa fa-eye""></i> -->"
"Ribeiro Gonçalves","SERVENTIA EXTRAJUDICIAL DO OFÍCIO ÚNICO DE RIBEIRO GONÇALVES","Rua Duque de Caxias, nº 395, CEP 64.865-000 Centro","(89) 3567-1224 / (89) 99981-6201","Ribeiro Gonçalves, Baixa Grande do Ribeiro","
											<svg class=""svg-inline--fa fa-eye fa-w-18"" aria-hidden=""true"" focusable=""false"" data-prefix=""far"" data-icon=""eye"" role=""img"" xmlns=""http://www.w3.org/2000/svg"" viewBox=""0 0 576 512"" data-fa-i2svg=""""><path fill=""currentColor"" d=""M288 144a110.94 110.94 0 0 0-31.24 5 55.4 55.4 0 0 1 7.24 27 56 56 0 0 1-56 56 55.4 55.4 0 0 1-27-7.24A111.71 111.71 0 1 0 288 144zm284.52 97.4C518.29 135.59 410.93 64 288 64S57.68 135.64 3.48 241.41a32.35 32.35 0 0 0 0 29.19C57.71 376.41 165.07 448 288 448s230.32-71.64 284.52-177.41a32.35 32.35 0 0 0 0-29.19zM288 400c-98.65 0-189.09-55-237.93-144C98.91 167 189.34 112 288 112s189.09 55 237.93 144C477.1 345 386.66 400 288 400z""></path></svg><!-- <i class=""fa fa-eye""></i> -->"
Picos,"1ª SERVENTIA EXTRAJUDICIAL DE REGISTRO DE IMÓVEIS, REGISTRO DE TÍTULOS E DOCUMENTOS E CIVIL DAS PESSOAS JURÍDICAS E REGISTRO CIVIL DAS PESSOAS NATURAIS E DE INTERDIÇÕES E TUTELAS DE PICOS  - 1ª ZONA","Rua São José, nº 75, Térreo, CEP 64.600-008 Centro","(89) 2222-0340 / (61) 98206-2192","Picos, Aroeira do Itaim, Geminiano, Paquetá","
											<svg class=""svg-inline--fa fa-eye fa-w-18"" aria-hidden=""true"" focusable=""false"" data-prefix=""far"" data-icon=""eye"" role=""img"" xmlns=""http://www.w3.org/2000/svg"" viewBox=""0 0 576 512"" data-fa-i2svg=""""><path fill=""currentColor"" d=""M288 144a110.94 110.94 0 0 0-31.24 5 55.4 55.4 0 0 1 7.24 27 56 56 0 0 1-56 56 55.4 55.4 0 0 1-27-7.24A111.71 111.71 0 1 0 288 144zm284.52 97.4C518.29 135.59 410.93 64 288 64S57.68 135.64 3.48 241.41a32.35 32.35 0 0 0 0 29.19C57.71 376.41 165.07 448 288 448s230.32-71.64 284.52-177.41a32.35 32.35 0 0 0 0-29.19zM288 400c-98.65 0-189.09-55-237.93-144C98.91 167 189.34 112 288 112s189.09 55 237.93 144C477.1 345 386.66 400 288 400z""></path></svg><!-- <i class=""fa fa-eye""></i> -->"
Piracuruca,"2ª SERVENTIA EXTRAJUDICIAL DE TABELIONATO DE PIRACURUCA","Rua Tenente Rui Brito, nº 1475, CEP 64.240-000 Centro","(86) 98881-1919 / (86) 99949-5519","Piracuruca, São João da Fronteira, São José do Divino","
											<svg class=""svg-inline--fa fa-eye fa-w-18"" aria-hidden=""true"" focusable=""false"" data-prefix=""far"" data-icon=""eye"" role=""img"" xmlns=""http://www.w3.org/2000/svg"" viewBox=""0 0 576 512"" data-fa-i2svg=""""><path fill=""currentColor"" d=""M288 144a110.94 110.94 0 0 0-31.24 5 55.4 55.4 0 0 1 7.24 27 56 56 0 0 1-56 56 55.4 55.4 0 0 1-27-7.24A111.71 111.71 0 1 0 288 144zm284.52 97.4C518.29 135.59 410.93 64 288 64S57.68 135.64 3.48 241.41a32.35 32.35 0 0 0 0 29.19C57.71 376.41 165.07 448 288 448s230.32-71.64 284.52-177.41a32.35 32.35 0 0 0 0-29.19zM288 400c-98.65 0-189.09-55-237.93-144C98.91 167 189.34 112 288 112s189.09 55 237.93 144C477.1 345 386.66 400 288 400z""></path></svg><!-- <i class=""fa fa-eye""></i> -->"
"Simplício Mendes","1ª SERVENTIA EXTRAJUDICIAL DE SIMPLÍCIO MENDES","Rua Professor José de Atanásio, nº 862, CEP 64.700-000 Centro","(89) 99934-9226","Simplício Mendes, Bela Vista do Piauí","
											<svg class=""svg-inline--fa fa-eye fa-w-18"" aria-hidden=""true"" focusable=""false"" data-prefix=""far"" data-icon=""eye"" role=""img"" xmlns=""http://www.w3.org/2000/svg"" viewBox=""0 0 576 512"" data-fa-i2svg=""""><path fill=""currentColor"" d=""M288 144a110.94 110.94 0 0 0-31.24 5 55.4 55.4 0 0 1 7.24 27 56 56 0 0 1-56 56 55.4 55.4 0 0 1-27-7.24A111.71 111.71 0 1 0 288 144zm284.52 97.4C518.29 135.59 410.93 64 288 64S57.68 135.64 3.48 241.41a32.35 32.35 0 0 0 0 29.19C57.71 376.41 165.07 448 288 448s230.32-71.64 284.52-177.41a32.35 32.35 0 0 0 0-29.19zM288 400c-98.65 0-189.09-55-237.93-144C98.91 167 189.34 112 288 112s189.09 55 237.93 144C477.1 345 386.66 400 288 400z""></path></svg><!-- <i class=""fa fa-eye""></i> -->"
Oeiras,"4ª SERVENTIA EXTRAJUDICIAL DE OEIRAS","Rua Miguel Oliveira, nº 286, CEP 64.500-000 Centro","(89) 98817-3709 /  (89) 99912-9709","Oeiras, Cajazeiras, Santa Rosa, Colônia do Piauí, São João da Varjota","
											<svg class=""svg-inline--fa fa-eye fa-w-18"" aria-hidden=""true"" focusable=""false"" data-prefix=""far"" data-icon=""eye"" role=""img"" xmlns=""http://www.w3.org/2000/svg"" viewBox=""0 0 576 512"" data-fa-i2svg=""""><path fill=""currentColor"" d=""M288 144a110.94 110.94 0 0 0-31.24 5 55.4 55.4 0 0 1 7.24 27 56 56 0 0 1-56 56 55.4 55.4 0 0 1-27-7.24A111.71 111.71 0 1 0 288 144zm284.52 97.4C518.29 135.59 410.93 64 288 64S57.68 135.64 3.48 241.41a32.35 32.35 0 0 0 0 29.19C57.71 376.41 165.07 448 288 448s230.32-71.64 284.52-177.41a32.35 32.35 0 0 0 0-29.19zM288 400c-98.65 0-189.09-55-237.93-144C98.91 167 189.34 112 288 112s189.09 55 237.93 144C477.1 345 386.66 400 288 400z""></path></svg><!-- <i class=""fa fa-eye""></i> -->"
"São Francisco do Piauí","SERVENTIA EXTRAJUDICIAL DO OFÍCIO ÚNICO DE SÃO FRANCISCO DO PIAUÍ","Rua Laurentino Pereira, s/n, CEP 64.550-000 Centro","(89) 3558-1113/ (89) 9433-9333","São Francisco do Piauí, São José do Peixe","
											<svg class=""svg-inline--fa fa-eye fa-w-18"" aria-hidden=""true"" focusable=""false"" data-prefix=""far"" data-icon=""eye"" role=""img"" xmlns=""http://www.w3.org/2000/svg"" viewBox=""0 0 576 512"" data-fa-i2svg=""""><path fill=""currentColor"" d=""M288 144a110.94 110.94 0 0 0-31.24 5 55.4 55.4 0 0 1 7.24 27 56 56 0 0 1-56 56 55.4 55.4 0 0 1-27-7.24A111.71 111.71 0 1 0 288 144zm284.52 97.4C518.29 135.59 410.93 64 288 64S57.68 135.64 3.48 241.41a32.35 32.35 0 0 0 0 29.19C57.71 376.41 165.07 448 288 448s230.32-71.64 284.52-177.41a32.35 32.35 0 0 0 0-29.19zM288 400c-98.65 0-189.09-55-237.93-144C98.91 167 189.34 112 288 112s189.09 55 237.93 144C477.1 345 386.66 400 288 400z""></path></svg><!-- <i class=""fa fa-eye""></i> -->"
"Simplício Mendes","2ª SERVENTIA EXTRAJUDICIAL DE SIMPLÍCIO MENDES","Rua Arnaldo Ferreira de Carvalho nº 686, CEP 64.700-000 Centro","(89) 99984-5659","Simplício Mendes, Bela Vista do Piauí","
											<svg class=""svg-inline--fa fa-eye fa-w-18"" aria-hidden=""true"" focusable=""false"" data-prefix=""far"" data-icon=""eye"" role=""img"" xmlns=""http://www.w3.org/2000/svg"" viewBox=""0 0 576 512"" data-fa-i2svg=""""><path fill=""currentColor"" d=""M288 144a110.94 110.94 0 0 0-31.24 5 55.4 55.4 0 0 1 7.24 27 56 56 0 0 1-56 56 55.4 55.4 0 0 1-27-7.24A111.71 111.71 0 1 0 288 144zm284.52 97.4C518.29 135.59 410.93 64 288 64S57.68 135.64 3.48 241.41a32.35 32.35 0 0 0 0 29.19C57.71 376.41 165.07 448 288 448s230.32-71.64 284.52-177.41a32.35 32.35 0 0 0 0-29.19zM288 400c-98.65 0-189.09-55-237.93-144C98.91 167 189.34 112 288 112s189.09 55 237.93 144C477.1 345 386.66 400 288 400z""></path></svg><!-- <i class=""fa fa-eye""></i> -->"
União,"2ª SERVENTIA EXTRAJUDICIAL DE TABELIONATO DE UNIÃO","Rua Anfrisio Lobão, nº 850, CEP 64.120-000 Centro","(86) 99493-9833 / (86) 99544-7529","União, Lagoa Alegre","
											<svg class=""svg-inline--fa fa-eye fa-w-18"" aria-hidden=""true"" focusable=""false"" data-prefix=""far"" data-icon=""eye"" role=""img"" xmlns=""http://www.w3.org/2000/svg"" viewBox=""0 0 576 512"" data-fa-i2svg=""""><path fill=""currentColor"" d=""M288 144a110.94 110.94 0 0 0-31.24 5 55.4 55.4 0 0 1 7.24 27 56 56 0 0 1-56 56 55.4 55.4 0 0 1-27-7.24A111.71 111.71 0 1 0 288 144zm284.52 97.4C518.29 135.59 410.93 64 288 64S57.68 135.64 3.48 241.41a32.35 32.35 0 0 0 0 29.19C57.71 376.41 165.07 448 288 448s230.32-71.64 284.52-177.41a32.35 32.35 0 0 0 0-29.19zM288 400c-98.65 0-189.09-55-237.93-144C98.91 167 189.34 112 288 112s189.09 55 237.93 144C477.1 345 386.66 400 288 400z""></path></svg><!-- <i class=""fa fa-eye""></i> -->"
Uruçuí,"1ª SERVENTIA EXTRAJUDICIAL DE REGISTRO GERAL DE URUÇUÍ","Rua Almir Bemvindo, nº 105, Edifício Novo Uruçuí, CEP 64.860-000 Malvinas","(89) 3544-1678",Uruçuí,"
											<svg class=""svg-inline--fa fa-eye fa-w-18"" aria-hidden=""true"" focusable=""false"" data-prefix=""far"" data-icon=""eye"" role=""img"" xmlns=""http://www.w3.org/2000/svg"" viewBox=""0 0 576 512"" data-fa-i2svg=""""><path fill=""currentColor"" d=""M288 144a110.94 110.94 0 0 0-31.24 5 55.4 55.4 0 0 1 7.24 27 56 56 0 0 1-56 56 55.4 55.4 0 0 1-27-7.24A111.71 111.71 0 1 0 288 144zm284.52 97.4C518.29 135.59 410.93 64 288 64S57.68 135.64 3.48 241.41a32.35 32.35 0 0 0 0 29.19C57.71 376.41 165.07 448 288 448s230.32-71.64 284.52-177.41a32.35 32.35 0 0 0 0-29.19zM288 400c-98.65 0-189.09-55-237.93-144C98.91 167 189.34 112 288 112s189.09 55 237.93 144C477.1 345 386.66 400 288 400z""></path></svg><!-- <i class=""fa fa-eye""></i> -->"
Oeiras,"1ª SERVENTIA EXTRAJUDICIAL DE OEIRAS","Rua Padre Freitas, nº 12, CEP 64.500-000 Centro","(89) 3462-1537","Oeiras, Cajazeiras, Santa Rosa, Colônia do Piauí, São João da Varjota","
											<svg class=""svg-inline--fa fa-eye fa-w-18"" aria-hidden=""true"" focusable=""false"" data-prefix=""far"" data-icon=""eye"" role=""img"" xmlns=""http://www.w3.org/2000/svg"" viewBox=""0 0 576 512"" data-fa-i2svg=""""><path fill=""currentColor"" d=""M288 144a110.94 110.94 0 0 0-31.24 5 55.4 55.4 0 0 1 7.24 27 56 56 0 0 1-56 56 55.4 55.4 0 0 1-27-7.24A111.71 111.71 0 1 0 288 144zm284.52 97.4C518.29 135.59 410.93 64 288 64S57.68 135.64 3.48 241.41a32.35 32.35 0 0 0 0 29.19C57.71 376.41 165.07 448 288 448s230.32-71.64 284.52-177.41a32.35 32.35 0 0 0 0-29.19zM288 400c-98.65 0-189.09-55-237.93-144C98.91 167 189.34 112 288 112s189.09 55 237.93 144C477.1 345 386.66 400 288 400z""></path></svg><!-- <i class=""fa fa-eye""></i> -->"
"Valença do Piauí","2ª SERVENTIA EXTRAJUDICIAL DE TABELIONATO DE VALENÇA DO PIAUÍ","Rua Eurípedes Martins, nº 360, CEP 64300-000 Centro","(89) 99926-0405","Valença do Piauí","
											<svg class=""svg-inline--fa fa-eye fa-w-18"" aria-hidden=""true"" focusable=""false"" data-prefix=""far"" data-icon=""eye"" role=""img"" xmlns=""http://www.w3.org/2000/svg"" viewBox=""0 0 576 512"" data-fa-i2svg=""""><path fill=""currentColor"" d=""M288 144a110.94 110.94 0 0 0-31.24 5 55.4 55.4 0 0 1 7.24 27 56 56 0 0 1-56 56 55.4 55.4 0 0 1-27-7.24A111.71 111.71 0 1 0 288 144zm284.52 97.4C518.29 135.59 410.93 64 288 64S57.68 135.64 3.48 241.41a32.35 32.35 0 0 0 0 29.19C57.71 376.41 165.07 448 288 448s230.32-71.64 284.52-177.41a32.35 32.35 0 0 0 0-29.19zM288 400c-98.65 0-189.09-55-237.93-144C98.91 167 189.34 112 288 112s189.09 55 237.93 144C477.1 345 386.66 400 288 400z""></path></svg><!-- <i class=""fa fa-eye""></i> -->"
"Luís Correia","1ª SERVENTIA EXTRAJUDICIAL DE REGISTRO GERAL DE LUÍS CORREIA","Rua Jonas Correia, nº 621, CEP 64.220-000 Centro",3367-1100,"Luís Correia, Cajueiro da Praia","
											<svg class=""svg-inline--fa fa-eye fa-w-18"" aria-hidden=""true"" focusable=""false"" data-prefix=""far"" data-icon=""eye"" role=""img"" xmlns=""http://www.w3.org/2000/svg"" viewBox=""0 0 576 512"" data-fa-i2svg=""""><path fill=""currentColor"" d=""M288 144a110.94 110.94 0 0 0-31.24 5 55.4 55.4 0 0 1 7.24 27 56 56 0 0 1-56 56 55.4 55.4 0 0 1-27-7.24A111.71 111.71 0 1 0 288 144zm284.52 97.4C518.29 135.59 410.93 64 288 64S57.68 135.64 3.48 241.41a32.35 32.35 0 0 0 0 29.19C57.71 376.41 165.07 448 288 448s230.32-71.64 284.52-177.41a32.35 32.35 0 0 0 0-29.19zM288 400c-98.65 0-189.09-55-237.93-144C98.91 167 189.34 112 288 112s189.09 55 237.93 144C477.1 345 386.66 400 288 400z""></path></svg><!-- <i class=""fa fa-eye""></i> -->"
"Alto Longá","SERVENTIA EXTRAJUDICIAL DO OFÍCIO ÚNICO DE ALTO LONGÁ","Rua Benedito Brito, nº 352, Centro, CEP: 64.360-000 Centro",86981147510,"Alto Longá, Novo Santo Antônio","
											<svg class=""svg-inline--fa fa-eye fa-w-18"" aria-hidden=""true"" focusable=""false"" data-prefix=""far"" data-icon=""eye"" role=""img"" xmlns=""http://www.w3.org/2000/svg"" viewBox=""0 0 576 512"" data-fa-i2svg=""""><path fill=""currentColor"" d=""M288 144a110.94 110.94 0 0 0-31.24 5 55.4 55.4 0 0 1 7.24 27 56 56 0 0 1-56 56 55.4 55.4 0 0 1-27-7.24A111.71 111.71 0 1 0 288 144zm284.52 97.4C518.29 135.59 410.93 64 288 64S57.68 135.64 3.48 241.41a32.35 32.35 0 0 0 0 29.19C57.71 376.41 165.07 448 288 448s230.32-71.64 284.52-177.41a32.35 32.35 0 0 0 0-29.19zM288 400c-98.65 0-189.09-55-237.93-144C98.91 167 189.34 112 288 112s189.09 55 237.93 144C477.1 345 386.66 400 288 400z""></path></svg><!-- <i class=""fa fa-eye""></i> -->"
"Barro Duro","SERVENTIA EXTRAJUDICIAL DO OFÍCIO ÚNICO DE BARRO DURO","Rua João Pinheiro, nº 188, CEP 64.455-000 Centro","(86) 3284-1556 / (86) 99995-8664","Barro Duro, Passagem Franca, Olho D'Água do Piauí","
											<svg class=""svg-inline--fa fa-eye fa-w-18"" aria-hidden=""true"" focusable=""false"" data-prefix=""far"" data-icon=""eye"" role=""img"" xmlns=""http://www.w3.org/2000/svg"" viewBox=""0 0 576 512"" data-fa-i2svg=""""><path fill=""currentColor"" d=""M288 144a110.94 110.94 0 0 0-31.24 5 55.4 55.4 0 0 1 7.24 27 56 56 0 0 1-56 56 55.4 55.4 0 0 1-27-7.24A111.71 111.71 0 1 0 288 144zm284.52 97.4C518.29 135.59 410.93 64 288 64S57.68 135.64 3.48 241.41a32.35 32.35 0 0 0 0 29.19C57.71 376.41 165.07 448 288 448s230.32-71.64 284.52-177.41a32.35 32.35 0 0 0 0-29.19zM288 400c-98.65 0-189.09-55-237.93-144C98.91 167 189.34 112 288 112s189.09 55 237.93 144C477.1 345 386.66 400 288 400z""></path></svg><!-- <i class=""fa fa-eye""></i> -->"
Paquetá,"SERVENTIA EXTRAJUDICIAL DO OFÍCIO ÚNICO DE PAQUETÁ",,,,"
											<svg class=""svg-inline--fa fa-eye fa-w-18"" aria-hidden=""true"" focusable=""false"" data-prefix=""far"" data-icon=""eye"" role=""img"" xmlns=""http://www.w3.org/2000/svg"" viewBox=""0 0 576 512"" data-fa-i2svg=""""><path fill=""currentColor"" d=""M288 144a110.94 110.94 0 0 0-31.24 5 55.4 55.4 0 0 1 7.24 27 56 56 0 0 1-56 56 55.4 55.4 0 0 1-27-7.24A111.71 111.71 0 1 0 288 144zm284.52 97.4C518.29 135.59 410.93 64 288 64S57.68 135.64 3.48 241.41a32.35 32.35 0 0 0 0 29.19C57.71 376.41 165.07 448 288 448s230.32-71.64 284.52-177.41a32.35 32.35 0 0 0 0-29.19zM288 400c-98.65 0-189.09-55-237.93-144C98.91 167 189.34 112 288 112s189.09 55 237.93 144C477.1 345 386.66 400 288 400z""></path></svg><!-- <i class=""fa fa-eye""></i> -->"
Teresina,"SDT - Serviço de Distribuição de Títulos e outros Documentos de Dívida para Protesto de Teresina","Rua Coelho Rodrigues, nº 1999, Edifício Di Cavalcanti, 3º andar, sala 313, CEP 64000-080 Centro","(86) 3221-2604 / 3223-0628 / 99432-6767",,"
											<svg class=""svg-inline--fa fa-eye fa-w-18"" aria-hidden=""true"" focusable=""false"" data-prefix=""far"" data-icon=""eye"" role=""img"" xmlns=""http://www.w3.org/2000/svg"" viewBox=""0 0 576 512"" data-fa-i2svg=""""><path fill=""currentColor"" d=""M288 144a110.94 110.94 0 0 0-31.24 5 55.4 55.4 0 0 1 7.24 27 56 56 0 0 1-56 56 55.4 55.4 0 0 1-27-7.24A111.71 111.71 0 1 0 288 144zm284.52 97.4C518.29 135.59 410.93 64 288 64S57.68 135.64 3.48 241.41a32.35 32.35 0 0 0 0 29.19C57.71 376.41 165.07 448 288 448s230.32-71.64 284.52-177.41a32.35 32.35 0 0 0 0-29.19zM288 400c-98.65 0-189.09-55-237.93-144C98.91 167 189.34 112 288 112s189.09 55 237.93 144C477.1 345 386.66 400 288 400z""></path></svg><!-- <i class=""fa fa-eye""></i> -->"
"Ilha Grande","SERVENTIA EXTRAJUDICIAL DO OFÍCIO ÚNICO DE ILHA GRANDE",,,,"
											<svg class=""svg-inline--fa fa-eye fa-w-18"" aria-hidden=""true"" focusable=""false"" data-prefix=""far"" data-icon=""eye"" role=""img"" xmlns=""http://www.w3.org/2000/svg"" viewBox=""0 0 576 512"" data-fa-i2svg=""""><path fill=""currentColor"" d=""M288 144a110.94 110.94 0 0 0-31.24 5 55.4 55.4 0 0 1 7.24 27 56 56 0 0 1-56 56 55.4 55.4 0 0 1-27-7.24A111.71 111.71 0 1 0 288 144zm284.52 97.4C518.29 135.59 410.93 64 288 64S57.68 135.64 3.48 241.41a32.35 32.35 0 0 0 0 29.19C57.71 376.41 165.07 448 288 448s230.32-71.64 284.52-177.41a32.35 32.35 0 0 0 0-29.19zM288 400c-98.65 0-189.09-55-237.93-144C98.91 167 189.34 112 288 112s189.09 55 237.93 144C477.1 345 386.66 400 288 400z""></path></svg><!-- <i class=""fa fa-eye""></i> -->"
